Name,pri_crssant,prigap1,prigap1_filtered,prigapm,prigapm_filtered,prihomo,pritrans,gaplen,seglen,fastqc
HS-HEK293T_AMT-0.5_T4-24h_exo-0h,https://uscedu-my.sharepoint.com/:u:/r/personal/zhipengl_usc_edu/Documents/CRIS/data/PARIS/PARIS1/HS-HEK293T_AMT-0.5_T4-24h_exo-0h/HS-HEK293T_AMT-0.5_T4-24h_exo-0h_pri_crssant.bam?csf=1&web=1&e=HpwmpE,https://uscedu-my.sharepoint.com/:u:/r/personal/zhipengl_usc_edu/Documents/CRIS/data/PARIS/PARIS1/HS-HEK293T_AMT-0.5_T4-24h_exo-0h/HS-HEK293T_AMT-0.5_T4-24h_exo-0h_prigap1.bam?csf=1&web=1&e=WcO0qf,https://uscedu-my.sharepoint.com/:u:/r/personal/zhipengl_usc_edu/Documents/CRIS/data/PARIS/PARIS1/HS-HEK293T_AMT-0.5_T4-24h_exo-0h/HS-HEK293T_AMT-0.5_T4-24h_exo-0h_prigap1_filtered.bam?csf=1&web=1&e=gMIuEX,https://uscedu-my.sharepoint.com/:u:/r/personal/zhipengl_usc_edu/Documents/CRIS/data/PARIS/PARIS1/HS-HEK293T_AMT-0.5_T4-24h_exo-0h/HS-HEK293T_AMT-0.5_T4-24h_exo-0h_prigapm.bam?csf=1&web=1&e=0bfYl1,https://uscedu-my.sharepoint.com/:u:/r/personal/zhipengl_usc_edu/Documents/CRIS/data/PARIS/PARIS1/HS-HEK293T_AMT-0.5_T4-24h_exo-0h/HS-HEK293T_AMT-0.5_T4-24h_exo-0h_prigapm_filtered.bam?csf=1&web=1&e=c74Pw2,https://uscedu-my.sharepoint.com/:u:/r/personal/zhipengl_usc_edu/Documents/CRIS/data/PARIS/PARIS1/HS-HEK293T_AMT-0.5_T4-24h_exo-0h/HS-HEK293T_AMT-0.5_T4-24h_exo-0h_prihomo.bam?csf=1&web=1&e=4IijBm,https://uscedu-my.sharepoint.com/:u:/r/personal/zhipengl_usc_edu/Documents/CRIS/data/PARIS/PARIS1/HS-HEK293T_AMT-0.5_T4-24h_exo-0h/HS-HEK293T_AMT-0.5_T4-24h_exo-0h_pritrans.bam?csf=1&web=1&e=7lGqML,https://uscedu-my.sharepoint.com/:b:/r/personal/zhipengl_usc_edu/Documents/CRIS/data/PARIS/PARIS1/HS-HEK293T_AMT-0.5_T4-24h_exo-0h/HS-HEK293T_AMT-0.5_T4-24h_exo-0h_gaplen.pdf?csf=1&web=1&e=NTesHv,https://uscedu-my.sharepoint.com/:b:/r/personal/zhipengl_usc_edu/Documents/CRIS/data/PARIS/PARIS1/HS-HEK293T_AMT-0.5_T4-24h_exo-0h/HS-HEK293T_AMT-0.5_T4-24h_exo-0h_seglen.pdf?csf=1&web=1&e=6kGRyP,https://uscedu-my.sharepoint.com/:u:/r/personal/zhipengl_usc_edu/Documents/CRIS/data/PARIS/PARIS1/HS-HEK293T_AMT-0.5_T4-24h_exo-0h_fastqc.html?csf=1&web=1&e=yVfPuC
HS-HEK293T_AMT-0.5_T4-24h_exo-0h_stress,https://uscedu-my.sharepoint.com/:u:/r/personal/zhipengl_usc_edu/Documents/CRIS/data/PARIS/PARIS1/HS-HEK293T_AMT-0.5_T4-24h_exo-0h_stress/HS-HEK293T_AMT-0.5_T4-24h_exo-0h_stress_pri_crssant.bam?csf=1&web=1&e=AHUQmd,https://uscedu-my.sharepoint.com/:u:/r/personal/zhipengl_usc_edu/Documents/CRIS/data/PARIS/PARIS1/HS-HEK293T_AMT-0.5_T4-24h_exo-0h_stress/HS-HEK293T_AMT-0.5_T4-24h_exo-0h_stress_prigap1.bam?csf=1&web=1&e=WCqVlj,https://uscedu-my.sharepoint.com/:u:/r/personal/zhipengl_usc_edu/Documents/CRIS/data/PARIS/PARIS1/HS-HEK293T_AMT-0.5_T4-24h_exo-0h_stress/HS-HEK293T_AMT-0.5_T4-24h_exo-0h_stress_prigap1_filtered.bam?csf=1&web=1&e=kyL2em,https://uscedu-my.sharepoint.com/:u:/r/personal/zhipengl_usc_edu/Documents/CRIS/data/PARIS/PARIS1/HS-HEK293T_AMT-0.5_T4-24h_exo-0h_stress/HS-HEK293T_AMT-0.5_T4-24h_exo-0h_stress_prigapm.bam?csf=1&web=1&e=JAYeB7,https://uscedu-my.sharepoint.com/:u:/r/personal/zhipengl_usc_edu/Documents/CRIS/data/PARIS/PARIS1/HS-HEK293T_AMT-0.5_T4-24h_exo-0h_stress/HS-HEK293T_AMT-0.5_T4-24h_exo-0h_stress_prigapm_filtered.bam?csf=1&web=1&e=enAbKF,https://uscedu-my.sharepoint.com/:u:/r/personal/zhipengl_usc_edu/Documents/CRIS/data/PARIS/PARIS1/HS-HEK293T_AMT-0.5_T4-24h_exo-0h_stress/HS-HEK293T_AMT-0.5_T4-24h_exo-0h_stress_prihomo.bam?csf=1&web=1&e=C2x8Rz,https://uscedu-my.sharepoint.com/:u:/r/personal/zhipengl_usc_edu/Documents/CRIS/data/PARIS/PARIS1/HS-HEK293T_AMT-0.5_T4-24h_exo-0h_stress/HS-HEK293T_AMT-0.5_T4-24h_exo-0h_stress_pritrans.bam?csf=1&web=1&e=ZadRXy,https://uscedu-my.sharepoint.com/:b:/r/personal/zhipengl_usc_edu/Documents/CRIS/data/PARIS/PARIS1/HS-HEK293T_AMT-0.5_T4-24h_exo-0h_stress/HS-HEK293T_AMT-0.5_T4-24h_exo-0h_stress_gaplen.pdf?csf=1&web=1&e=VGhIpk,https://uscedu-my.sharepoint.com/:b:/r/personal/zhipengl_usc_edu/Documents/CRIS/data/PARIS/PARIS1/HS-HEK293T_AMT-0.5_T4-24h_exo-0h_stress/HS-HEK293T_AMT-0.5_T4-24h_exo-0h_stress_seglen.pdf?csf=1&web=1&e=Yus7Yl,https://uscedu-my.sharepoint.com/:u:/r/personal/zhipengl_usc_edu/Documents/CRIS/data/PARIS/PARIS1/HS-HEK293T_AMT-0.5_T4-24h_exo-0h_stress_fastqc.html?csf=1&web=1&e=2ZYHXU
MM-mES_AMT-0.5_T4-24h_exo-0h,https://uscedu-my.sharepoint.com/:u:/r/personal/zhipengl_usc_edu/Documents/CRIS/data/PARIS/PARIS1/MM-mES_AMT-0.5_T4-24h_exo-0h/MM-mES_AMT-0.5_T4-24h_exo-0h_pri_crssant.bam?csf=1&web=1&e=B4mbg0,https://uscedu-my.sharepoint.com/:u:/r/personal/zhipengl_usc_edu/Documents/CRIS/data/PARIS/PARIS1/MM-mES_AMT-0.5_T4-24h_exo-0h/MM-mES_AMT-0.5_T4-24h_exo-0h_prigap1.bam?csf=1&web=1&e=R70ceB,https://uscedu-my.sharepoint.com/:u:/r/personal/zhipengl_usc_edu/Documents/CRIS/data/PARIS/PARIS1/MM-mES_AMT-0.5_T4-24h_exo-0h/MM-mES_AMT-0.5_T4-24h_exo-0h_prigap1_filtered.bam?csf=1&web=1&e=1vzxxQ,https://uscedu-my.sharepoint.com/:u:/r/personal/zhipengl_usc_edu/Documents/CRIS/data/PARIS/PARIS1/MM-mES_AMT-0.5_T4-24h_exo-0h/MM-mES_AMT-0.5_T4-24h_exo-0h_prigapm.bam?csf=1&web=1&e=QEH7Ky,https://uscedu-my.sharepoint.com/:u:/r/personal/zhipengl_usc_edu/Documents/CRIS/data/PARIS/PARIS1/MM-mES_AMT-0.5_T4-24h_exo-0h/MM-mES_AMT-0.5_T4-24h_exo-0h_prigapm_filtered.bam?csf=1&web=1&e=xNgWdt,https://uscedu-my.sharepoint.com/:u:/r/personal/zhipengl_usc_edu/Documents/CRIS/data/PARIS/PARIS1/MM-mES_AMT-0.5_T4-24h_exo-0h/MM-mES_AMT-0.5_T4-24h_exo-0h_prihomo.bam?csf=1&web=1&e=meCvzF,https://uscedu-my.sharepoint.com/:u:/r/personal/zhipengl_usc_edu/Documents/CRIS/data/PARIS/PARIS1/MM-mES_AMT-0.5_T4-24h_exo-0h/MM-mES_AMT-0.5_T4-24h_exo-0h_pritrans.bam?csf=1&web=1&e=tgHTcu,https://uscedu-my.sharepoint.com/:b:/r/personal/zhipengl_usc_edu/Documents/CRIS/data/PARIS/PARIS1/MM-mES_AMT-0.5_T4-24h_exo-0h/MM-mES_AMT-0.5_T4-24h_exo-0h_gaplen.pdf?csf=1&web=1&e=KWgBkn,https://uscedu-my.sharepoint.com/:b:/r/personal/zhipengl_usc_edu/Documents/CRIS/data/PARIS/PARIS1/MM-mES_AMT-0.5_T4-24h_exo-0h/MM-mES_AMT-0.5_T4-24h_exo-0h_seglen.pdf?csf=1&web=1&e=G4nCed,https://uscedu-my.sharepoint.com/:u:/r/personal/zhipengl_usc_edu/Documents/CRIS/data/PARIS/PARIS1/MM-mES_AMT-0.5_T4-24h_exo-0h_fastqc.html?csf=1&web=1&e=hVpd34
MM-mES_AMT-0.5_T4-24h_exo-0h_KOMettl3,https://uscedu-my.sharepoint.com/:u:/r/personal/zhipengl_usc_edu/Documents/CRIS/data/PARIS/PARIS1/MM-mES_AMT-0.5_T4-24h_exo-0h_KOMettl3/MM-mES_AMT-0.5_T4-24h_exo-0h_KOMettl3_pri_crssant.bam?csf=1&web=1&e=DBkks3,https://uscedu-my.sharepoint.com/:u:/r/personal/zhipengl_usc_edu/Documents/CRIS/data/PARIS/PARIS1/MM-mES_AMT-0.5_T4-24h_exo-0h_KOMettl3/MM-mES_AMT-0.5_T4-24h_exo-0h_KOMettl3_prigap1.bam?csf=1&web=1&e=49HLKj,https://uscedu-my.sharepoint.com/:u:/r/personal/zhipengl_usc_edu/Documents/CRIS/data/PARIS/PARIS1/MM-mES_AMT-0.5_T4-24h_exo-0h_KOMettl3/MM-mES_AMT-0.5_T4-24h_exo-0h_KOMettl3_prigap1_filtered.bam?csf=1&web=1&e=r95tjZ,https://uscedu-my.sharepoint.com/:u:/r/personal/zhipengl_usc_edu/Documents/CRIS/data/PARIS/PARIS1/MM-mES_AMT-0.5_T4-24h_exo-0h_KOMettl3/MM-mES_AMT-0.5_T4-24h_exo-0h_KOMettl3_prigapm.bam?csf=1&web=1&e=B25alV,https://uscedu-my.sharepoint.com/:u:/r/personal/zhipengl_usc_edu/Documents/CRIS/data/PARIS/PARIS1/MM-mES_AMT-0.5_T4-24h_exo-0h_KOMettl3/MM-mES_AMT-0.5_T4-24h_exo-0h_KOMettl3_prigapm_filtered.bam?csf=1&web=1&e=ZCtImb,https://uscedu-my.sharepoint.com/:u:/r/personal/zhipengl_usc_edu/Documents/CRIS/data/PARIS/PARIS1/MM-mES_AMT-0.5_T4-24h_exo-0h_KOMettl3/MM-mES_AMT-0.5_T4-24h_exo-0h_KOMettl3_prihomo.bam?csf=1&web=1&e=eKu0Qx,https://uscedu-my.sharepoint.com/:u:/r/personal/zhipengl_usc_edu/Documents/CRIS/data/PARIS/PARIS1/MM-mES_AMT-0.5_T4-24h_exo-0h_KOMettl3/MM-mES_AMT-0.5_T4-24h_exo-0h_KOMettl3_pritrans.bam?csf=1&web=1&e=bcX3EO,https://uscedu-my.sharepoint.com/:b:/r/personal/zhipengl_usc_edu/Documents/CRIS/data/PARIS/PARIS1/MM-mES_AMT-0.5_T4-24h_exo-0h_KOMettl3/MM-mES_AMT-0.5_T4-24h_exo-0h_KOMettl3_gaplen.pdf?csf=1&web=1&e=99YeTq,https://uscedu-my.sharepoint.com/:b:/r/personal/zhipengl_usc_edu/Documents/CRIS/data/PARIS/PARIS1/MM-mES_AMT-0.5_T4-24h_exo-0h_KOMettl3/MM-mES_AMT-0.5_T4-24h_exo-0h_KOMettl3_seglen.pdf?csf=1&web=1&e=gwJu64,https://uscedu-my.sharepoint.com/:u:/r/personal/zhipengl_usc_edu/Documents/CRIS/data/PARIS/PARIS1/MM-mES_AMT-0.5_T4-24h_exo-0h_KOMettl3_fastqc.html?csf=1&web=1&e=OEs91l
HS-HeLa_Amo-1_T4-24h_exo-0h,https://uscedu-my.sharepoint.com/:u:/r/personal/zhipengl_usc_edu/Documents/CRIS/data/PARIS/PARIS-exo/HS-HeLa_Amo-1_T4-24h_exo-0h/HS-HeLa_Amo-1_T4-24h_exo-0h_pri_crssant.bam?csf=1&web=1&e=UehNao,https://uscedu-my.sharepoint.com/:u:/r/personal/zhipengl_usc_edu/Documents/CRIS/data/PARIS/PARIS-exo/HS-HeLa_Amo-1_T4-24h_exo-0h/HS-HeLa_Amo-1_T4-24h_exo-0h_prigap1.bam?csf=1&web=1&e=vTkQXE,https://uscedu-my.sharepoint.com/:u:/r/personal/zhipengl_usc_edu/Documents/CRIS/data/PARIS/PARIS-exo/HS-HeLa_Amo-1_T4-24h_exo-0h/HS-HeLa_Amo-1_T4-24h_exo-0h_prigap1_filtered.bam?csf=1&web=1&e=IRLmae,https://uscedu-my.sharepoint.com/:u:/r/personal/zhipengl_usc_edu/Documents/CRIS/data/PARIS/PARIS-exo/HS-HeLa_Amo-1_T4-24h_exo-0h/HS-HeLa_Amo-1_T4-24h_exo-0h_prigapm.bam?csf=1&web=1&e=bJ552V,https://uscedu-my.sharepoint.com/:u:/r/personal/zhipengl_usc_edu/Documents/CRIS/data/PARIS/PARIS-exo/HS-HeLa_Amo-1_T4-24h_exo-0h/HS-HeLa_Amo-1_T4-24h_exo-0h_prigapm_filtered.bam?csf=1&web=1&e=qPsCMC,https://uscedu-my.sharepoint.com/:u:/r/personal/zhipengl_usc_edu/Documents/CRIS/data/PARIS/PARIS-exo/HS-HeLa_Amo-1_T4-24h_exo-0h/HS-HeLa_Amo-1_T4-24h_exo-0h_prihomo.bam?csf=1&web=1&e=PhDzhR,https://uscedu-my.sharepoint.com/:u:/r/personal/zhipengl_usc_edu/Documents/CRIS/data/PARIS/PARIS-exo/HS-HeLa_Amo-1_T4-24h_exo-0h/HS-HeLa_Amo-1_T4-24h_exo-0h_pritrans.bam?csf=1&web=1&e=x6MQIg,https://uscedu-my.sharepoint.com/:b:/r/personal/zhipengl_usc_edu/Documents/CRIS/data/PARIS/PARIS-exo/HS-HeLa_Amo-1_T4-24h_exo-0h/HS-HeLa_Amo-1_T4-24h_exo-0h_gaplen.pdf?csf=1&web=1&e=8aybNx,https://uscedu-my.sharepoint.com/:b:/r/personal/zhipengl_usc_edu/Documents/CRIS/data/PARIS/PARIS-exo/HS-HeLa_Amo-1_T4-24h_exo-0h/HS-HeLa_Amo-1_T4-24h_exo-0h_seglen.pdf?csf=1&web=1&e=2tthka,https://uscedu-my.sharepoint.com/:u:/r/personal/zhipengl_usc_edu/Documents/CRIS/data/PARIS/PARIS-exo/HeLaamoto_exo0h_fastqc.html?csf=1&web=1&e=57UYcQ
HS-HeLa_Amo-1_T4-24h_exo-0h_rRNA,https://uscedu-my.sharepoint.com/:u:/r/personal/zhipengl_usc_edu/Documents/CRIS/data/PARIS/PARIS-exo/HS-HeLa_Amo-1_T4-24h_exo-0h_rRNA/HS-HeLa_Amo-1_T4-24h_exo-0h_rRNA_pri_crssant.bam?csf=1&web=1&e=ihoQyu,https://uscedu-my.sharepoint.com/:u:/r/personal/zhipengl_usc_edu/Documents/CRIS/data/PARIS/PARIS-exo/HS-HeLa_Amo-1_T4-24h_exo-0h_rRNA/HS-HeLa_Amo-1_T4-24h_exo-0h_rRNA_prigap1.bam?csf=1&web=1&e=blNTQH,https://uscedu-my.sharepoint.com/:u:/r/personal/zhipengl_usc_edu/Documents/CRIS/data/PARIS/PARIS-exo/HS-HeLa_Amo-1_T4-24h_exo-0h_rRNA/HS-HeLa_Amo-1_T4-24h_exo-0h_rRNA_prigap1_filtered.bam?csf=1&web=1&e=vMpOCn,https://uscedu-my.sharepoint.com/:u:/r/personal/zhipengl_usc_edu/Documents/CRIS/data/PARIS/PARIS-exo/HS-HeLa_Amo-1_T4-24h_exo-0h_rRNA/HS-HeLa_Amo-1_T4-24h_exo-0h_rRNA_prigapm.bam?csf=1&web=1&e=dKVhym,https://uscedu-my.sharepoint.com/:u:/r/personal/zhipengl_usc_edu/Documents/CRIS/data/PARIS/PARIS-exo/HS-HeLa_Amo-1_T4-24h_exo-0h_rRNA/HS-HeLa_Amo-1_T4-24h_exo-0h_rRNA_prigapm_filtered.bam?csf=1&web=1&e=dIoLWH,https://uscedu-my.sharepoint.com/:u:/r/personal/zhipengl_usc_edu/Documents/CRIS/data/PARIS/PARIS-exo/HS-HeLa_Amo-1_T4-24h_exo-0h_rRNA/HS-HeLa_Amo-1_T4-24h_exo-0h_rRNA_prihomo.bam?csf=1&web=1&e=1Xe65j,https://uscedu-my.sharepoint.com/:u:/r/personal/zhipengl_usc_edu/Documents/CRIS/data/PARIS/PARIS-exo/HS-HeLa_Amo-1_T4-24h_exo-0h_rRNA/HS-HeLa_Amo-1_T4-24h_exo-0h_rRNA_pritrans.bam?csf=1&web=1&e=yyMxzo,https://uscedu-my.sharepoint.com/:b:/r/personal/zhipengl_usc_edu/Documents/CRIS/data/PARIS/PARIS-exo/HS-HeLa_Amo-1_T4-24h_exo-0h_rRNA/HS-HeLa_Amo-1_T4-24h_exo-0h_rRNA_gaplen.pdf?csf=1&web=1&e=8y3Uzi,https://uscedu-my.sharepoint.com/:b:/r/personal/zhipengl_usc_edu/Documents/CRIS/data/PARIS/PARIS-exo/HS-HeLa_Amo-1_T4-24h_exo-0h_rRNA/HS-HeLa_Amo-1_T4-24h_exo-0h_rRNA_seglen.pdf?csf=1&web=1&e=gGg1fH,https://uscedu-my.sharepoint.com/:u:/r/personal/zhipengl_usc_edu/Documents/CRIS/data/PARIS/PARIS-exo/amotoPURErrna_exo0h_fastqc.html?csf=1&web=1&e=RdvHJF
HS-HeLa_Amo-1_T4-24h_exo-2h,https://uscedu-my.sharepoint.com/:u:/r/personal/zhipengl_usc_edu/Documents/CRIS/data/PARIS/PARIS-exo/HS-HeLa_Amo-1_T4-24h_exo-2h/HS-HeLa_Amo-1_T4-24h_exo-2h_pri_crssant.bam?csf=1&web=1&e=RSLML5,https://uscedu-my.sharepoint.com/:u:/r/personal/zhipengl_usc_edu/Documents/CRIS/data/PARIS/PARIS-exo/HS-HeLa_Amo-1_T4-24h_exo-2h/HS-HeLa_Amo-1_T4-24h_exo-2h_prigap1.bam?csf=1&web=1&e=sT1Eor,https://uscedu-my.sharepoint.com/:u:/r/personal/zhipengl_usc_edu/Documents/CRIS/data/PARIS/PARIS-exo/HS-HeLa_Amo-1_T4-24h_exo-2h/HS-HeLa_Amo-1_T4-24h_exo-2h_prigap1_filtered.bam?csf=1&web=1&e=bkYXVi,https://uscedu-my.sharepoint.com/:u:/r/personal/zhipengl_usc_edu/Documents/CRIS/data/PARIS/PARIS-exo/HS-HeLa_Amo-1_T4-24h_exo-2h/HS-HeLa_Amo-1_T4-24h_exo-2h_prigapm.bam?csf=1&web=1&e=9JHBrl,https://uscedu-my.sharepoint.com/:u:/r/personal/zhipengl_usc_edu/Documents/CRIS/data/PARIS/PARIS-exo/HS-HeLa_Amo-1_T4-24h_exo-2h/HS-HeLa_Amo-1_T4-24h_exo-2h_prigapm_filtered.bam?csf=1&web=1&e=8jlg1m,https://uscedu-my.sharepoint.com/:u:/r/personal/zhipengl_usc_edu/Documents/CRIS/data/PARIS/PARIS-exo/HS-HeLa_Amo-1_T4-24h_exo-2h/HS-HeLa_Amo-1_T4-24h_exo-2h_prihomo.bam?csf=1&web=1&e=RALAIx,https://uscedu-my.sharepoint.com/:u:/r/personal/zhipengl_usc_edu/Documents/CRIS/data/PARIS/PARIS-exo/HS-HeLa_Amo-1_T4-24h_exo-2h/HS-HeLa_Amo-1_T4-24h_exo-2h_pritrans.bam?csf=1&web=1&e=VpxLp6,https://uscedu-my.sharepoint.com/:b:/r/personal/zhipengl_usc_edu/Documents/CRIS/data/PARIS/PARIS-exo/HS-HeLa_Amo-1_T4-24h_exo-2h/HS-HeLa_Amo-1_T4-24h_exo-2h_gaplen.pdf?csf=1&web=1&e=3Krbj8,https://uscedu-my.sharepoint.com/:b:/r/personal/zhipengl_usc_edu/Documents/CRIS/data/PARIS/PARIS-exo/HS-HeLa_Amo-1_T4-24h_exo-2h/HS-HeLa_Amo-1_T4-24h_exo-2h_seglen.pdf?csf=1&web=1&e=J4RAQS,https://uscedu-my.sharepoint.com/:u:/r/personal/zhipengl_usc_edu/Documents/CRIS/data/PARIS/PARIS-exo/HeLaamoto_exo2h_fastqc.html?csf=1&web=1&e=uIxZKm
HS-HeLa_Amo-1_T4-24h_exo-24h_rRNA,https://uscedu-my.sharepoint.com/:u:/r/personal/zhipengl_usc_edu/Documents/CRIS/data/PARIS/PARIS-exo/HS-HeLa_Amo-1_T4-24h_exo-24h_rRNA/HS-HeLa_Amo-1_T4-24h_exo-24h_rRNA_pri_crssant.bam?csf=1&web=1&e=NKNS2A,https://uscedu-my.sharepoint.com/:u:/r/personal/zhipengl_usc_edu/Documents/CRIS/data/PARIS/PARIS-exo/HS-HeLa_Amo-1_T4-24h_exo-24h_rRNA/HS-HeLa_Amo-1_T4-24h_exo-24h_rRNA_prigap1.bam?csf=1&web=1&e=i3cGBN,https://uscedu-my.sharepoint.com/:u:/r/personal/zhipengl_usc_edu/Documents/CRIS/data/PARIS/PARIS-exo/HS-HeLa_Amo-1_T4-24h_exo-24h_rRNA/HS-HeLa_Amo-1_T4-24h_exo-24h_rRNA_prigap1_filtered.bam?csf=1&web=1&e=ollORN,https://uscedu-my.sharepoint.com/:u:/r/personal/zhipengl_usc_edu/Documents/CRIS/data/PARIS/PARIS-exo/HS-HeLa_Amo-1_T4-24h_exo-24h_rRNA/HS-HeLa_Amo-1_T4-24h_exo-24h_rRNA_prigapm.bam?csf=1&web=1&e=hh1e1X,https://uscedu-my.sharepoint.com/:u:/r/personal/zhipengl_usc_edu/Documents/CRIS/data/PARIS/PARIS-exo/HS-HeLa_Amo-1_T4-24h_exo-24h_rRNA/HS-HeLa_Amo-1_T4-24h_exo-24h_rRNA_prigapm_filtered.bam?csf=1&web=1&e=HbfVwn,https://uscedu-my.sharepoint.com/:u:/r/personal/zhipengl_usc_edu/Documents/CRIS/data/PARIS/PARIS-exo/HS-HeLa_Amo-1_T4-24h_exo-24h_rRNA/HS-HeLa_Amo-1_T4-24h_exo-24h_rRNA_prihomo.bam?csf=1&web=1&e=u1IZYL,https://uscedu-my.sharepoint.com/:u:/r/personal/zhipengl_usc_edu/Documents/CRIS/data/PARIS/PARIS-exo/HS-HeLa_Amo-1_T4-24h_exo-24h_rRNA/HS-HeLa_Amo-1_T4-24h_exo-24h_rRNA_pritrans.bam?csf=1&web=1&e=rt3UzB,https://uscedu-my.sharepoint.com/:b:/r/personal/zhipengl_usc_edu/Documents/CRIS/data/PARIS/PARIS-exo/HS-HeLa_Amo-1_T4-24h_exo-24h_rRNA/HS-HeLa_Amo-1_T4-24h_exo-24h_rRNA_gaplen.pdf?csf=1&web=1&e=6XkMc4,https://uscedu-my.sharepoint.com/:b:/r/personal/zhipengl_usc_edu/Documents/CRIS/data/PARIS/PARIS-exo/HS-HeLa_Amo-1_T4-24h_exo-24h_rRNA/HS-HeLa_Amo-1_T4-24h_exo-24h_rRNA_seglen.pdf?csf=1&web=1&e=sCyPRR,https://uscedu-my.sharepoint.com/:u:/r/personal/zhipengl_usc_edu/Documents/CRIS/data/PARIS/PARIS-exo/amotoPURErrna_exo24h_fastqc.html?csf=1&web=1&e=zVpS5Y
HS-HEK293T_Amo-0.5_T4-24h_exo-0h,https://uscedu-my.sharepoint.com/:u:/r/personal/zhipengl_usc_edu/Documents/CRIS/data/PARIS/PARIS2/HS-HEK293T_Amo-0.5_T4-24h_exo-0h/HS-HEK293T_Amo-0.5_T4-24h_exo-0h_pri_crssant.bam?csf=1&web=1&e=VbzXxh,https://uscedu-my.sharepoint.com/:u:/r/personal/zhipengl_usc_edu/Documents/CRIS/data/PARIS/PARIS2/HS-HEK293T_Amo-0.5_T4-24h_exo-0h/HS-HEK293T_Amo-0.5_T4-24h_exo-0h_prigap1.bam?csf=1&web=1&e=WnCbwn,https://uscedu-my.sharepoint.com/:u:/r/personal/zhipengl_usc_edu/Documents/CRIS/data/PARIS/PARIS2/HS-HEK293T_Amo-0.5_T4-24h_exo-0h/HS-HEK293T_Amo-0.5_T4-24h_exo-0h_prigap1_filtered.bam?csf=1&web=1&e=aqiu6k,https://uscedu-my.sharepoint.com/:u:/r/personal/zhipengl_usc_edu/Documents/CRIS/data/PARIS/PARIS2/HS-HEK293T_Amo-0.5_T4-24h_exo-0h/HS-HEK293T_Amo-0.5_T4-24h_exo-0h_prigapm.bam?csf=1&web=1&e=lsy6vJ,https://uscedu-my.sharepoint.com/:u:/r/personal/zhipengl_usc_edu/Documents/CRIS/data/PARIS/PARIS2/HS-HEK293T_Amo-0.5_T4-24h_exo-0h/HS-HEK293T_Amo-0.5_T4-24h_exo-0h_prigapm_filtered.bam?csf=1&web=1&e=OtPTWY,https://uscedu-my.sharepoint.com/:u:/r/personal/zhipengl_usc_edu/Documents/CRIS/data/PARIS/PARIS2/HS-HEK293T_Amo-0.5_T4-24h_exo-0h/HS-HEK293T_Amo-0.5_T4-24h_exo-0h_prihomo.bam?csf=1&web=1&e=14FegP,https://uscedu-my.sharepoint.com/:u:/r/personal/zhipengl_usc_edu/Documents/CRIS/data/PARIS/PARIS2/HS-HEK293T_Amo-0.5_T4-24h_exo-0h/HS-HEK293T_Amo-0.5_T4-24h_exo-0h_pritrans.bam?csf=1&web=1&e=vUXXcs,https://uscedu-my.sharepoint.com/:b:/r/personal/zhipengl_usc_edu/Documents/CRIS/data/PARIS/PARIS2/HS-HEK293T_Amo-0.5_T4-24h_exo-0h/HS-HEK293T_Amo-0.5_T4-24h_exo-0h_gaplen.pdf?csf=1&web=1&e=zSiMgn,https://uscedu-my.sharepoint.com/:b:/r/personal/zhipengl_usc_edu/Documents/CRIS/data/PARIS/PARIS2/HS-HEK293T_Amo-0.5_T4-24h_exo-0h/HS-HEK293T_Amo-0.5_T4-24h_exo-0h_seglen.pdf?csf=1&web=1&e=NU12lJ,https://uscedu-my.sharepoint.com/:u:/r/personal/zhipengl_usc_edu/Documents/CRIS/data/PARIS/PARIS2/HEK293_amoto_fastqc.html?csf=1&web=1&e=28cNpI
HS-HEK293T_Amo-0.5_T4-24h_exo-0h_mRNA,https://uscedu-my.sharepoint.com/:u:/r/personal/zhipengl_usc_edu/Documents/CRIS/data/PARIS/PARIS2/HS-HEK293T_Amo-0.5_T4-24h_exo-0h_mRNA/HS-HEK293T_Amo-0.5_T4-24h_exo-0h_mRNA_pri_crssant.bam?csf=1&web=1&e=ruWapr,https://uscedu-my.sharepoint.com/:u:/r/personal/zhipengl_usc_edu/Documents/CRIS/data/PARIS/PARIS2/HS-HEK293T_Amo-0.5_T4-24h_exo-0h_mRNA/HS-HEK293T_Amo-0.5_T4-24h_exo-0h_mRNA_prigap1.bam?csf=1&web=1&e=nJQmHf,https://uscedu-my.sharepoint.com/:u:/r/personal/zhipengl_usc_edu/Documents/CRIS/data/PARIS/PARIS2/HS-HEK293T_Amo-0.5_T4-24h_exo-0h_mRNA/HS-HEK293T_Amo-0.5_T4-24h_exo-0h_mRNA_prigap1_filtered.bam?csf=1&web=1&e=ug2vYm,https://uscedu-my.sharepoint.com/:u:/r/personal/zhipengl_usc_edu/Documents/CRIS/data/PARIS/PARIS2/HS-HEK293T_Amo-0.5_T4-24h_exo-0h_mRNA/HS-HEK293T_Amo-0.5_T4-24h_exo-0h_mRNA_prigapm.bam?csf=1&web=1&e=gHeyQR,https://uscedu-my.sharepoint.com/:u:/r/personal/zhipengl_usc_edu/Documents/CRIS/data/PARIS/PARIS2/HS-HEK293T_Amo-0.5_T4-24h_exo-0h_mRNA/HS-HEK293T_Amo-0.5_T4-24h_exo-0h_mRNA_prigapm_filtered.bam?csf=1&web=1&e=m2W1E9,https://uscedu-my.sharepoint.com/:u:/r/personal/zhipengl_usc_edu/Documents/CRIS/data/PARIS/PARIS2/HS-HEK293T_Amo-0.5_T4-24h_exo-0h_mRNA/HS-HEK293T_Amo-0.5_T4-24h_exo-0h_mRNA_prihomo.bam?csf=1&web=1&e=nQFNY0,https://uscedu-my.sharepoint.com/:u:/r/personal/zhipengl_usc_edu/Documents/CRIS/data/PARIS/PARIS2/HS-HEK293T_Amo-0.5_T4-24h_exo-0h_mRNA/HS-HEK293T_Amo-0.5_T4-24h_exo-0h_mRNA_pritrans.bam?csf=1&web=1&e=tglLao,https://uscedu-my.sharepoint.com/:b:/r/personal/zhipengl_usc_edu/Documents/CRIS/data/PARIS/PARIS2/HS-HEK293T_Amo-0.5_T4-24h_exo-0h_mRNA/HS-HEK293T_Amo-0.5_T4-24h_exo-0h_mRNA_gaplen.pdf?csf=1&web=1&e=E9fapF,https://uscedu-my.sharepoint.com/:b:/r/personal/zhipengl_usc_edu/Documents/CRIS/data/PARIS/PARIS2/HS-HEK293T_Amo-0.5_T4-24h_exo-0h_mRNA/HS-HEK293T_Amo-0.5_T4-24h_exo-0h_mRNA_seglen.pdf?csf=1&web=1&e=srNeoN,https://uscedu-my.sharepoint.com/:u:/r/personal/zhipengl_usc_edu/Documents/CRIS/data/PARIS/PARIS2/HEK293_mRNA_fastqc.html?csf=1&web=1&e=rNA4ll
HS-HEK293T_Amo-0.5_T4-24h_exo-0h_snoRNA,https://uscedu-my.sharepoint.com/:u:/r/personal/zhipengl_usc_edu/Documents/CRIS/data/PARIS/PARIS2/HS-HEK293T_Amo-0.5_T4-24h_exo-0h_snoRNA/HS-HEK293T_Amo-0.5_T4-24h_exo-0h_snoRNA_pri_crssant.bam?csf=1&web=1&e=hIYU6t,https://uscedu-my.sharepoint.com/:u:/r/personal/zhipengl_usc_edu/Documents/CRIS/data/PARIS/PARIS2/HS-HEK293T_Amo-0.5_T4-24h_exo-0h_snoRNA/HS-HEK293T_Amo-0.5_T4-24h_exo-0h_snoRNA_prigap1.bam?csf=1&web=1&e=ArcYWa,https://uscedu-my.sharepoint.com/:u:/r/personal/zhipengl_usc_edu/Documents/CRIS/data/PARIS/PARIS2/HS-HEK293T_Amo-0.5_T4-24h_exo-0h_snoRNA/HS-HEK293T_Amo-0.5_T4-24h_exo-0h_snoRNA_prigap1_filtered.bam?csf=1&web=1&e=hRcw6f,https://uscedu-my.sharepoint.com/:u:/r/personal/zhipengl_usc_edu/Documents/CRIS/data/PARIS/PARIS2/HS-HEK293T_Amo-0.5_T4-24h_exo-0h_snoRNA/HS-HEK293T_Amo-0.5_T4-24h_exo-0h_snoRNA_prigapm.bam?csf=1&web=1&e=VrNP8K,https://uscedu-my.sharepoint.com/:u:/r/personal/zhipengl_usc_edu/Documents/CRIS/data/PARIS/PARIS2/HS-HEK293T_Amo-0.5_T4-24h_exo-0h_snoRNA/HS-HEK293T_Amo-0.5_T4-24h_exo-0h_snoRNA_prigapm_filtered.bam?csf=1&web=1&e=ioV4Gu,https://uscedu-my.sharepoint.com/:u:/r/personal/zhipengl_usc_edu/Documents/CRIS/data/PARIS/PARIS2/HS-HEK293T_Amo-0.5_T4-24h_exo-0h_snoRNA/HS-HEK293T_Amo-0.5_T4-24h_exo-0h_snoRNA_prihomo.bam?csf=1&web=1&e=xonaXV,https://uscedu-my.sharepoint.com/:u:/r/personal/zhipengl_usc_edu/Documents/CRIS/data/PARIS/PARIS2/HS-HEK293T_Amo-0.5_T4-24h_exo-0h_snoRNA/HS-HEK293T_Amo-0.5_T4-24h_exo-0h_snoRNA_pritrans.bam?csf=1&web=1&e=RdFFb1,https://uscedu-my.sharepoint.com/:b:/r/personal/zhipengl_usc_edu/Documents/CRIS/data/PARIS/PARIS2/HS-HEK293T_Amo-0.5_T4-24h_exo-0h_snoRNA/HS-HEK293T_Amo-0.5_T4-24h_exo-0h_snoRNA_gaplen.pdf?csf=1&web=1&e=SRtiFW,https://uscedu-my.sharepoint.com/:b:/r/personal/zhipengl_usc_edu/Documents/CRIS/data/PARIS/PARIS2/HS-HEK293T_Amo-0.5_T4-24h_exo-0h_snoRNA/HS-HEK293T_Amo-0.5_T4-24h_exo-0h_snoRNA_seglen.pdf?csf=1&web=1&e=07LfEY,https://uscedu-my.sharepoint.com/:u:/r/personal/zhipengl_usc_edu/Documents/CRIS/data/PARIS/PARIS2/HEK293_snoRNA_fastqc.html?csf=1&web=1&e=bRFBX5
HS-HEK293T_Amo-1_T4-24h_exo-0h_mRNA,https://uscedu-my.sharepoint.com/:u:/r/personal/zhipengl_usc_edu/Documents/CRIS/data/PARIS/PARIS2/HS-HEK293T_Amo-1_T4-24h_exo-0h_mRNA/HS-HEK293T_Amo-1_T4-24h_exo-0h_mRNA_pri_crssant.bam?csf=1&web=1&e=5V6xIo,https://uscedu-my.sharepoint.com/:u:/r/personal/zhipengl_usc_edu/Documents/CRIS/data/PARIS/PARIS2/HS-HEK293T_Amo-1_T4-24h_exo-0h_mRNA/HS-HEK293T_Amo-1_T4-24h_exo-0h_mRNA_prigap1.bam?csf=1&web=1&e=OdEZ75,https://uscedu-my.sharepoint.com/:u:/r/personal/zhipengl_usc_edu/Documents/CRIS/data/PARIS/PARIS2/HS-HEK293T_Amo-1_T4-24h_exo-0h_mRNA/HS-HEK293T_Amo-1_T4-24h_exo-0h_mRNA_prigap1_filtered.bam?csf=1&web=1&e=nTPBfk,https://uscedu-my.sharepoint.com/:u:/r/personal/zhipengl_usc_edu/Documents/CRIS/data/PARIS/PARIS2/HS-HEK293T_Amo-1_T4-24h_exo-0h_mRNA/HS-HEK293T_Amo-1_T4-24h_exo-0h_mRNA_prigapm.bam?csf=1&web=1&e=4t5v9j,https://uscedu-my.sharepoint.com/:u:/r/personal/zhipengl_usc_edu/Documents/CRIS/data/PARIS/PARIS2/HS-HEK293T_Amo-1_T4-24h_exo-0h_mRNA/HS-HEK293T_Amo-1_T4-24h_exo-0h_mRNA_prigapm_filtered.bam?csf=1&web=1&e=EcxbW6,https://uscedu-my.sharepoint.com/:u:/r/personal/zhipengl_usc_edu/Documents/CRIS/data/PARIS/PARIS2/HS-HEK293T_Amo-1_T4-24h_exo-0h_mRNA/HS-HEK293T_Amo-1_T4-24h_exo-0h_mRNA_prihomo.bam?csf=1&web=1&e=SeFPE2,https://uscedu-my.sharepoint.com/:u:/r/personal/zhipengl_usc_edu/Documents/CRIS/data/PARIS/PARIS2/HS-HEK293T_Amo-1_T4-24h_exo-0h_mRNA/HS-HEK293T_Amo-1_T4-24h_exo-0h_mRNA_pritrans.bam?csf=1&web=1&e=BM6BLo,https://uscedu-my.sharepoint.com/:b:/r/personal/zhipengl_usc_edu/Documents/CRIS/data/PARIS/PARIS2/HS-HEK293T_Amo-1_T4-24h_exo-0h_mRNA/HS-HEK293T_Amo-1_T4-24h_exo-0h_mRNA_gaplen.pdf?csf=1&web=1&e=X7SHdL,https://uscedu-my.sharepoint.com/:b:/r/personal/zhipengl_usc_edu/Documents/CRIS/data/PARIS/PARIS2/HS-HEK293T_Amo-1_T4-24h_exo-0h_mRNA/HS-HEK293T_Amo-1_T4-24h_exo-0h_mRNA_seglen.pdf?csf=1&web=1&e=ECeuiI,https://uscedu-my.sharepoint.com/:u:/r/personal/zhipengl_usc_edu/Documents/CRIS/data/PARIS/PARIS2/HEK293_mRNA_whl_fastqc.html?csf=1&web=1&e=tzt9RM
HS-HEK293T_AMT-0.5_T4-24h_exo-0h,https://uscedu-my.sharepoint.com/:u:/r/personal/zhipengl_usc_edu/Documents/CRIS/data/PARIS/PARIS2/HS-HEK293T_AMT-0.5_T4-24h_exo-0h/HS-HEK293T_AMT-0.5_T4-24h_exo-0h_pri_crssant.bam?csf=1&web=1&e=DFWrdg,https://uscedu-my.sharepoint.com/:u:/r/personal/zhipengl_usc_edu/Documents/CRIS/data/PARIS/PARIS2/HS-HEK293T_AMT-0.5_T4-24h_exo-0h/HS-HEK293T_AMT-0.5_T4-24h_exo-0h_prigap1.bam?csf=1&web=1&e=0udYZ5,https://uscedu-my.sharepoint.com/:u:/r/personal/zhipengl_usc_edu/Documents/CRIS/data/PARIS/PARIS2/HS-HEK293T_AMT-0.5_T4-24h_exo-0h/HS-HEK293T_AMT-0.5_T4-24h_exo-0h_prigap1_filtered.bam?csf=1&web=1&e=fXSKEC,https://uscedu-my.sharepoint.com/:u:/r/personal/zhipengl_usc_edu/Documents/CRIS/data/PARIS/PARIS2/HS-HEK293T_AMT-0.5_T4-24h_exo-0h/HS-HEK293T_AMT-0.5_T4-24h_exo-0h_prigapm.bam?csf=1&web=1&e=caybix,https://uscedu-my.sharepoint.com/:u:/r/personal/zhipengl_usc_edu/Documents/CRIS/data/PARIS/PARIS2/HS-HEK293T_AMT-0.5_T4-24h_exo-0h/HS-HEK293T_AMT-0.5_T4-24h_exo-0h_prigapm_filtered.bam?csf=1&web=1&e=CA1laF,https://uscedu-my.sharepoint.com/:u:/r/personal/zhipengl_usc_edu/Documents/CRIS/data/PARIS/PARIS2/HS-HEK293T_AMT-0.5_T4-24h_exo-0h/HS-HEK293T_AMT-0.5_T4-24h_exo-0h_prihomo.bam?csf=1&web=1&e=m4mZGD,https://uscedu-my.sharepoint.com/:u:/r/personal/zhipengl_usc_edu/Documents/CRIS/data/PARIS/PARIS2/HS-HEK293T_AMT-0.5_T4-24h_exo-0h/HS-HEK293T_AMT-0.5_T4-24h_exo-0h_pritrans.bam?csf=1&web=1&e=pvZanR,https://uscedu-my.sharepoint.com/:b:/r/personal/zhipengl_usc_edu/Documents/CRIS/data/PARIS/PARIS2/HS-HEK293T_AMT-0.5_T4-24h_exo-0h/HS-HEK293T_AMT-0.5_T4-24h_exo-0h_gaplen.pdf?csf=1&web=1&e=iXBtSi,https://uscedu-my.sharepoint.com/:b:/r/personal/zhipengl_usc_edu/Documents/CRIS/data/PARIS/PARIS2/HS-HEK293T_AMT-0.5_T4-24h_exo-0h/HS-HEK293T_AMT-0.5_T4-24h_exo-0h_seglen.pdf?csf=1&web=1&e=3T2fzh,https://uscedu-my.sharepoint.com/:u:/r/personal/zhipengl_usc_edu/Documents/CRIS/data/PARIS/PARIS2/HEK293_AMT_fastqc.html?csf=1&web=1&e=xmjTCC
MM-Tissue_Amo-0.5_T4-24h_exo-0h_mRNA_brain,https://uscedu-my.sharepoint.com/:u:/r/personal/zhipengl_usc_edu/Documents/CRIS/data/PARIS/PARIS2/MM-Tissue_Amo-0.5_T4-24h_exo-0h_mRNA_brain/MM-Tissue_Amo-0.5_T4-24h_exo-0h_mRNA_brain_pri_crssant.bam?csf=1&web=1&e=JYH2x6,https://uscedu-my.sharepoint.com/:u:/r/personal/zhipengl_usc_edu/Documents/CRIS/data/PARIS/PARIS2/MM-Tissue_Amo-0.5_T4-24h_exo-0h_mRNA_brain/MM-Tissue_Amo-0.5_T4-24h_exo-0h_mRNA_brain_prigap1.bam?csf=1&web=1&e=AVwkqc,https://uscedu-my.sharepoint.com/:u:/r/personal/zhipengl_usc_edu/Documents/CRIS/data/PARIS/PARIS2/MM-Tissue_Amo-0.5_T4-24h_exo-0h_mRNA_brain/MM-Tissue_Amo-0.5_T4-24h_exo-0h_mRNA_brain_prigap1_filtered.bam?csf=1&web=1&e=9wI5iK,https://uscedu-my.sharepoint.com/:u:/r/personal/zhipengl_usc_edu/Documents/CRIS/data/PARIS/PARIS2/MM-Tissue_Amo-0.5_T4-24h_exo-0h_mRNA_brain/MM-Tissue_Amo-0.5_T4-24h_exo-0h_mRNA_brain_prigapm.bam?csf=1&web=1&e=NGvCBp,https://uscedu-my.sharepoint.com/:u:/r/personal/zhipengl_usc_edu/Documents/CRIS/data/PARIS/PARIS2/MM-Tissue_Amo-0.5_T4-24h_exo-0h_mRNA_brain/MM-Tissue_Amo-0.5_T4-24h_exo-0h_mRNA_brain_prigapm_filtered.bam?csf=1&web=1&e=3oIFYX,https://uscedu-my.sharepoint.com/:u:/r/personal/zhipengl_usc_edu/Documents/CRIS/data/PARIS/PARIS2/MM-Tissue_Amo-0.5_T4-24h_exo-0h_mRNA_brain/MM-Tissue_Amo-0.5_T4-24h_exo-0h_mRNA_brain_prihomo.bam?csf=1&web=1&e=wXqtxc,https://uscedu-my.sharepoint.com/:u:/r/personal/zhipengl_usc_edu/Documents/CRIS/data/PARIS/PARIS2/MM-Tissue_Amo-0.5_T4-24h_exo-0h_mRNA_brain/MM-Tissue_Amo-0.5_T4-24h_exo-0h_mRNA_brain_pritrans.bam?csf=1&web=1&e=d2R2Tq,https://uscedu-my.sharepoint.com/:b:/r/personal/zhipengl_usc_edu/Documents/CRIS/data/PARIS/PARIS2/MM-Tissue_Amo-0.5_T4-24h_exo-0h_mRNA_brain/MM-Tissue_Amo-0.5_T4-24h_exo-0h_mRNA_brain_gaplen.pdf?csf=1&web=1&e=IYFtSz,https://uscedu-my.sharepoint.com/:b:/r/personal/zhipengl_usc_edu/Documents/CRIS/data/PARIS/PARIS2/MM-Tissue_Amo-0.5_T4-24h_exo-0h_mRNA_brain/MM-Tissue_Amo-0.5_T4-24h_exo-0h_mRNA_brain_seglen.pdf?csf=1&web=1&e=LHOTj0,https://uscedu-my.sharepoint.com/:u:/r/personal/zhipengl_usc_edu/Documents/CRIS/data/PARIS/PARIS2/Mouse_brain_mRNA_fastqc.html?csf=1&web=1&e=QnKnR6
MM-Tissue_Amo-0.5_T4-24h_exo-0h_snoRNA_brain,https://uscedu-my.sharepoint.com/:u:/r/personal/zhipengl_usc_edu/Documents/CRIS/data/PARIS/PARIS2/MM-Tissue_Amo-0.5_T4-24h_exo-0h_snoRNA_brain/MM-Tissue_Amo-0.5_T4-24h_exo-0h_snoRNA_brain_pri_crssant.bam?csf=1&web=1&e=j7ZSuD,https://uscedu-my.sharepoint.com/:u:/r/personal/zhipengl_usc_edu/Documents/CRIS/data/PARIS/PARIS2/MM-Tissue_Amo-0.5_T4-24h_exo-0h_snoRNA_brain/MM-Tissue_Amo-0.5_T4-24h_exo-0h_snoRNA_brain_prigap1.bam?csf=1&web=1&e=nSJdgM,https://uscedu-my.sharepoint.com/:u:/r/personal/zhipengl_usc_edu/Documents/CRIS/data/PARIS/PARIS2/MM-Tissue_Amo-0.5_T4-24h_exo-0h_snoRNA_brain/MM-Tissue_Amo-0.5_T4-24h_exo-0h_snoRNA_brain_prigap1_filtered.bam?csf=1&web=1&e=4e4zL2,https://uscedu-my.sharepoint.com/:u:/r/personal/zhipengl_usc_edu/Documents/CRIS/data/PARIS/PARIS2/MM-Tissue_Amo-0.5_T4-24h_exo-0h_snoRNA_brain/MM-Tissue_Amo-0.5_T4-24h_exo-0h_snoRNA_brain_prigapm.bam?csf=1&web=1&e=tcj9PE,https://uscedu-my.sharepoint.com/:u:/r/personal/zhipengl_usc_edu/Documents/CRIS/data/PARIS/PARIS2/MM-Tissue_Amo-0.5_T4-24h_exo-0h_snoRNA_brain/MM-Tissue_Amo-0.5_T4-24h_exo-0h_snoRNA_brain_prigapm_filtered.bam?csf=1&web=1&e=gPhRvJ,https://uscedu-my.sharepoint.com/:u:/r/personal/zhipengl_usc_edu/Documents/CRIS/data/PARIS/PARIS2/MM-Tissue_Amo-0.5_T4-24h_exo-0h_snoRNA_brain/MM-Tissue_Amo-0.5_T4-24h_exo-0h_snoRNA_brain_prihomo.bam?csf=1&web=1&e=u3jeiQ,https://uscedu-my.sharepoint.com/:u:/r/personal/zhipengl_usc_edu/Documents/CRIS/data/PARIS/PARIS2/MM-Tissue_Amo-0.5_T4-24h_exo-0h_snoRNA_brain/MM-Tissue_Amo-0.5_T4-24h_exo-0h_snoRNA_brain_pritrans.bam?csf=1&web=1&e=UG8ze8,https://uscedu-my.sharepoint.com/:b:/r/personal/zhipengl_usc_edu/Documents/CRIS/data/PARIS/PARIS2/MM-Tissue_Amo-0.5_T4-24h_exo-0h_snoRNA_brain/MM-Tissue_Amo-0.5_T4-24h_exo-0h_snoRNA_brain_gaplen.pdf?csf=1&web=1&e=A2HpIl,https://uscedu-my.sharepoint.com/:b:/r/personal/zhipengl_usc_edu/Documents/CRIS/data/PARIS/PARIS2/MM-Tissue_Amo-0.5_T4-24h_exo-0h_snoRNA_brain/MM-Tissue_Amo-0.5_T4-24h_exo-0h_snoRNA_brain_seglen.pdf?csf=1&web=1&e=fN8qrA,https://uscedu-my.sharepoint.com/:u:/r/personal/zhipengl_usc_edu/Documents/CRIS/data/PARIS/PARIS2/Mouse_brain_snoRNA_fastqc.html?csf=1&web=1&e=WKW4r7
HS-HeLa_Amo-0.5_T4-24h_exo-0h_US47,https://uscedu-my.sharepoint.com/:u:/r/personal/zhipengl_usc_edu/Documents/CRIS/data/PARIS/PARIS2/Virus/HS-HeLa_Amo-0.5_T4-24h_exo-0h_US47/HS-HeLa_Amo-0.5_T4-24h_exo-0h_US47_pri_crssant.bam?csf=1&web=1&e=xf8188,https://uscedu-my.sharepoint.com/:u:/r/personal/zhipengl_usc_edu/Documents/CRIS/data/PARIS/PARIS2/Virus/HS-HeLa_Amo-0.5_T4-24h_exo-0h_US47/HS-HeLa_Amo-0.5_T4-24h_exo-0h_US47_prigap1.bam?csf=1&web=1&e=ZBNM9A,https://uscedu-my.sharepoint.com/:u:/r/personal/zhipengl_usc_edu/Documents/CRIS/data/PARIS/PARIS2/Virus/HS-HeLa_Amo-0.5_T4-24h_exo-0h_US47/HS-HeLa_Amo-0.5_T4-24h_exo-0h_US47_prigap1_filtered.bam?csf=1&web=1&e=Ka6KDM,https://uscedu-my.sharepoint.com/:u:/r/personal/zhipengl_usc_edu/Documents/CRIS/data/PARIS/PARIS2/Virus/HS-HeLa_Amo-0.5_T4-24h_exo-0h_US47/HS-HeLa_Amo-0.5_T4-24h_exo-0h_US47_prigapm.bam?csf=1&web=1&e=tjLAFR,https://uscedu-my.sharepoint.com/:u:/r/personal/zhipengl_usc_edu/Documents/CRIS/data/PARIS/PARIS2/Virus/HS-HeLa_Amo-0.5_T4-24h_exo-0h_US47/HS-HeLa_Amo-0.5_T4-24h_exo-0h_US47_prigapm_filtered.bam?csf=1&web=1&e=wkt0NA,https://uscedu-my.sharepoint.com/:u:/r/personal/zhipengl_usc_edu/Documents/CRIS/data/PARIS/PARIS2/Virus/HS-HeLa_Amo-0.5_T4-24h_exo-0h_US47/HS-HeLa_Amo-0.5_T4-24h_exo-0h_US47_prihomo.bam?csf=1&web=1&e=yzozpF,https://uscedu-my.sharepoint.com/:u:/r/personal/zhipengl_usc_edu/Documents/CRIS/data/PARIS/PARIS2/Virus/HS-HeLa_Amo-0.5_T4-24h_exo-0h_US47/HS-HeLa_Amo-0.5_T4-24h_exo-0h_US47_pritrans.bam?csf=1&web=1&e=gfht0i,https://uscedu-my.sharepoint.com/:b:/r/personal/zhipengl_usc_edu/Documents/CRIS/data/PARIS/PARIS2/Virus/HS-HeLa_Amo-0.5_T4-24h_exo-0h_US47/HS-HeLa_Amo-0.5_T4-24h_exo-0h_US47_gaplen.pdf?csf=1&web=1&e=g0e6Hg,https://uscedu-my.sharepoint.com/:b:/r/personal/zhipengl_usc_edu/Documents/CRIS/data/PARIS/PARIS2/Virus/HS-HeLa_Amo-0.5_T4-24h_exo-0h_US47/HS-HeLa_Amo-0.5_T4-24h_exo-0h_US47_seglen.pdf?csf=1&web=1&e=HgnSkp,https://uscedu-my.sharepoint.com/:u:/r/personal/zhipengl_usc_edu/Documents/CRIS/data/PARIS/PARIS2/SHSY5Y_US47_fastqc.html?csf=1&web=1&e=96jovZ
HS-HeLa_Amo-0.5_T4-24h_exo-0h_US47_AG,https://uscedu-my.sharepoint.com/:u:/r/personal/zhipengl_usc_edu/Documents/CRIS/data/PARIS/PARIS2/Virus/HS-HeLa_Amo-0.5_T4-24h_exo-0h_US47_AG/HS-HeLa_Amo-0.5_T4-24h_exo-0h_US47_AG_pri_crssant.bam?csf=1&web=1&e=up2Ooq,https://uscedu-my.sharepoint.com/:u:/r/personal/zhipengl_usc_edu/Documents/CRIS/data/PARIS/PARIS2/Virus/HS-HeLa_Amo-0.5_T4-24h_exo-0h_US47_AG/HS-HeLa_Amo-0.5_T4-24h_exo-0h_US47_AG_prigap1.bam?csf=1&web=1&e=VQL1Pw,https://uscedu-my.sharepoint.com/:u:/r/personal/zhipengl_usc_edu/Documents/CRIS/data/PARIS/PARIS2/Virus/HS-HeLa_Amo-0.5_T4-24h_exo-0h_US47_AG/HS-HeLa_Amo-0.5_T4-24h_exo-0h_US47_AG_prigap1_filtered.bam?csf=1&web=1&e=RvwoH2,https://uscedu-my.sharepoint.com/:u:/r/personal/zhipengl_usc_edu/Documents/CRIS/data/PARIS/PARIS2/Virus/HS-HeLa_Amo-0.5_T4-24h_exo-0h_US47_AG/HS-HeLa_Amo-0.5_T4-24h_exo-0h_US47_AG_prigapm.bam?csf=1&web=1&e=yiQzz8,https://uscedu-my.sharepoint.com/:u:/r/personal/zhipengl_usc_edu/Documents/CRIS/data/PARIS/PARIS2/Virus/HS-HeLa_Amo-0.5_T4-24h_exo-0h_US47_AG/HS-HeLa_Amo-0.5_T4-24h_exo-0h_US47_AG_prigapm_filtered.bam?csf=1&web=1&e=tUgsck,https://uscedu-my.sharepoint.com/:u:/r/personal/zhipengl_usc_edu/Documents/CRIS/data/PARIS/PARIS2/Virus/HS-HeLa_Amo-0.5_T4-24h_exo-0h_US47_AG/HS-HeLa_Amo-0.5_T4-24h_exo-0h_US47_AG_prihomo.bam?csf=1&web=1&e=PEzlaN,https://uscedu-my.sharepoint.com/:u:/r/personal/zhipengl_usc_edu/Documents/CRIS/data/PARIS/PARIS2/Virus/HS-HeLa_Amo-0.5_T4-24h_exo-0h_US47_AG/HS-HeLa_Amo-0.5_T4-24h_exo-0h_US47_AG_pritrans.bam?csf=1&web=1&e=cajqbS,https://uscedu-my.sharepoint.com/:b:/r/personal/zhipengl_usc_edu/Documents/CRIS/data/PARIS/PARIS2/Virus/HS-HeLa_Amo-0.5_T4-24h_exo-0h_US47_AG/HS-HeLa_Amo-0.5_T4-24h_exo-0h_US47_AG_gaplen.pdf?csf=1&web=1&e=cfVcxx,https://uscedu-my.sharepoint.com/:b:/r/personal/zhipengl_usc_edu/Documents/CRIS/data/PARIS/PARIS2/Virus/HS-HeLa_Amo-0.5_T4-24h_exo-0h_US47_AG/HS-HeLa_Amo-0.5_T4-24h_exo-0h_US47_AG_seglen.pdf?csf=1&web=1&e=o2qDSC,https://uscedu-my.sharepoint.com/:u:/r/personal/zhipengl_usc_edu/Documents/CRIS/data/PARIS/PARIS2/SHSY5Y_US47_AG_fastqc.html?csf=1&web=1&e=IArD7J
HS-HeLa_Amo-0.5_T4-24h_exo-0h_US47_GA,https://uscedu-my.sharepoint.com/:u:/r/personal/zhipengl_usc_edu/Documents/CRIS/data/PARIS/PARIS2/Virus/HS-HeLa_Amo-0.5_T4-24h_exo-0h_US47_GA/HS-HeLa_Amo-0.5_T4-24h_exo-0h_US47_GA_pri_crssant.bam?csf=1&web=1&e=GeQ8vi,https://uscedu-my.sharepoint.com/:u:/r/personal/zhipengl_usc_edu/Documents/CRIS/data/PARIS/PARIS2/Virus/HS-HeLa_Amo-0.5_T4-24h_exo-0h_US47_GA/HS-HeLa_Amo-0.5_T4-24h_exo-0h_US47_GA_prigap1.bam?csf=1&web=1&e=muhvQ4,https://uscedu-my.sharepoint.com/:u:/r/personal/zhipengl_usc_edu/Documents/CRIS/data/PARIS/PARIS2/Virus/HS-HeLa_Amo-0.5_T4-24h_exo-0h_US47_GA/HS-HeLa_Amo-0.5_T4-24h_exo-0h_US47_GA_prigap1_filtered.bam?csf=1&web=1&e=T0xMEe,https://uscedu-my.sharepoint.com/:u:/r/personal/zhipengl_usc_edu/Documents/CRIS/data/PARIS/PARIS2/Virus/HS-HeLa_Amo-0.5_T4-24h_exo-0h_US47_GA/HS-HeLa_Amo-0.5_T4-24h_exo-0h_US47_GA_prigapm.bam?csf=1&web=1&e=eezJWX,https://uscedu-my.sharepoint.com/:u:/r/personal/zhipengl_usc_edu/Documents/CRIS/data/PARIS/PARIS2/Virus/HS-HeLa_Amo-0.5_T4-24h_exo-0h_US47_GA/HS-HeLa_Amo-0.5_T4-24h_exo-0h_US47_GA_prigapm_filtered.bam?csf=1&web=1&e=GAxFa0,https://uscedu-my.sharepoint.com/:u:/r/personal/zhipengl_usc_edu/Documents/CRIS/data/PARIS/PARIS2/Virus/HS-HeLa_Amo-0.5_T4-24h_exo-0h_US47_GA/HS-HeLa_Amo-0.5_T4-24h_exo-0h_US47_GA_prihomo.bam?csf=1&web=1&e=itJaQB,https://uscedu-my.sharepoint.com/:u:/r/personal/zhipengl_usc_edu/Documents/CRIS/data/PARIS/PARIS2/Virus/HS-HeLa_Amo-0.5_T4-24h_exo-0h_US47_GA/HS-HeLa_Amo-0.5_T4-24h_exo-0h_US47_GA_pritrans.bam?csf=1&web=1&e=zv1Ckm,https://uscedu-my.sharepoint.com/:b:/r/personal/zhipengl_usc_edu/Documents/CRIS/data/PARIS/PARIS2/Virus/HS-HeLa_Amo-0.5_T4-24h_exo-0h_US47_GA/HS-HeLa_Amo-0.5_T4-24h_exo-0h_US47_GA_gaplen.pdf?csf=1&web=1&e=RjQair,https://uscedu-my.sharepoint.com/:b:/r/personal/zhipengl_usc_edu/Documents/CRIS/data/PARIS/PARIS2/Virus/HS-HeLa_Amo-0.5_T4-24h_exo-0h_US47_GA/HS-HeLa_Amo-0.5_T4-24h_exo-0h_US47_GA_seglen.pdf?csf=1&web=1&e=mD0TEm,https://uscedu-my.sharepoint.com/:u:/r/personal/zhipengl_usc_edu/Documents/CRIS/data/PARIS/PARIS2/SHSY5Y_US47_GA_fastqc.html?csf=1&web=1&e=pml3aG
HS-HeLa_Amo-0.5_T4-24h_exo-0h_VR1197,https://uscedu-my.sharepoint.com/:u:/r/personal/zhipengl_usc_edu/Documents/CRIS/data/PARIS/PARIS2/Virus/HS-HeLa_Amo-0.5_T4-24h_exo-0h_VR1197/HS-HeLa_Amo-0.5_T4-24h_exo-0h_VR1197_pri_crssant.bam?csf=1&web=1&e=NT47Pu,https://uscedu-my.sharepoint.com/:u:/r/personal/zhipengl_usc_edu/Documents/CRIS/data/PARIS/PARIS2/Virus/HS-HeLa_Amo-0.5_T4-24h_exo-0h_VR1197/HS-HeLa_Amo-0.5_T4-24h_exo-0h_VR1197_prigap1.bam?csf=1&web=1&e=d2VzKO,https://uscedu-my.sharepoint.com/:u:/r/personal/zhipengl_usc_edu/Documents/CRIS/data/PARIS/PARIS2/Virus/HS-HeLa_Amo-0.5_T4-24h_exo-0h_VR1197/HS-HeLa_Amo-0.5_T4-24h_exo-0h_VR1197_prigap1_filtered.bam?csf=1&web=1&e=ZT1VTt,https://uscedu-my.sharepoint.com/:u:/r/personal/zhipengl_usc_edu/Documents/CRIS/data/PARIS/PARIS2/Virus/HS-HeLa_Amo-0.5_T4-24h_exo-0h_VR1197/HS-HeLa_Amo-0.5_T4-24h_exo-0h_VR1197_prigapm.bam?csf=1&web=1&e=yQ1fdA,https://uscedu-my.sharepoint.com/:u:/r/personal/zhipengl_usc_edu/Documents/CRIS/data/PARIS/PARIS2/Virus/HS-HeLa_Amo-0.5_T4-24h_exo-0h_VR1197/HS-HeLa_Amo-0.5_T4-24h_exo-0h_VR1197_prigapm_filtered.bam?csf=1&web=1&e=q4DLGc,https://uscedu-my.sharepoint.com/:u:/r/personal/zhipengl_usc_edu/Documents/CRIS/data/PARIS/PARIS2/Virus/HS-HeLa_Amo-0.5_T4-24h_exo-0h_VR1197/HS-HeLa_Amo-0.5_T4-24h_exo-0h_VR1197_prihomo.bam?csf=1&web=1&e=6XvYsL,https://uscedu-my.sharepoint.com/:u:/r/personal/zhipengl_usc_edu/Documents/CRIS/data/PARIS/PARIS2/Virus/HS-HeLa_Amo-0.5_T4-24h_exo-0h_VR1197/HS-HeLa_Amo-0.5_T4-24h_exo-0h_VR1197_pritrans.bam?csf=1&web=1&e=bcnocg,https://uscedu-my.sharepoint.com/:b:/r/personal/zhipengl_usc_edu/Documents/CRIS/data/PARIS/PARIS2/Virus/HS-HeLa_Amo-0.5_T4-24h_exo-0h_VR1197/HS-HeLa_Amo-0.5_T4-24h_exo-0h_VR1197_gaplen.pdf?csf=1&web=1&e=P1BVVq,https://uscedu-my.sharepoint.com/:b:/r/personal/zhipengl_usc_edu/Documents/CRIS/data/PARIS/PARIS2/Virus/HS-HeLa_Amo-0.5_T4-24h_exo-0h_VR1197/HS-HeLa_Amo-0.5_T4-24h_exo-0h_VR1197_seglen.pdf?csf=1&web=1&e=eOq2et,https://uscedu-my.sharepoint.com/:u:/r/personal/zhipengl_usc_edu/Documents/CRIS/data/PARIS/PARIS2/HeLa_VR1197_fastqc.html?csf=1&web=1&e=AO6Q1Z
HS-HeLa_Amo-0.5_T4-24h_exo-0h_VR1197_AG,https://uscedu-my.sharepoint.com/:u:/r/personal/zhipengl_usc_edu/Documents/CRIS/data/PARIS/PARIS2/Virus/HS-HeLa_Amo-0.5_T4-24h_exo-0h_VR1197_AG/HS-HeLa_Amo-0.5_T4-24h_exo-0h_VR1197_AG_pri_crssant.bam?csf=1&web=1&e=1seyVg,https://uscedu-my.sharepoint.com/:u:/r/personal/zhipengl_usc_edu/Documents/CRIS/data/PARIS/PARIS2/Virus/HS-HeLa_Amo-0.5_T4-24h_exo-0h_VR1197_AG/HS-HeLa_Amo-0.5_T4-24h_exo-0h_VR1197_AG_prigap1.bam?csf=1&web=1&e=NlehzZ,https://uscedu-my.sharepoint.com/:u:/r/personal/zhipengl_usc_edu/Documents/CRIS/data/PARIS/PARIS2/Virus/HS-HeLa_Amo-0.5_T4-24h_exo-0h_VR1197_AG/HS-HeLa_Amo-0.5_T4-24h_exo-0h_VR1197_AG_prigap1_filtered.bam?csf=1&web=1&e=hXIKVb,https://uscedu-my.sharepoint.com/:u:/r/personal/zhipengl_usc_edu/Documents/CRIS/data/PARIS/PARIS2/Virus/HS-HeLa_Amo-0.5_T4-24h_exo-0h_VR1197_AG/HS-HeLa_Amo-0.5_T4-24h_exo-0h_VR1197_AG_prigapm.bam?csf=1&web=1&e=HOerxV,https://uscedu-my.sharepoint.com/:u:/r/personal/zhipengl_usc_edu/Documents/CRIS/data/PARIS/PARIS2/Virus/HS-HeLa_Amo-0.5_T4-24h_exo-0h_VR1197_AG/HS-HeLa_Amo-0.5_T4-24h_exo-0h_VR1197_AG_prigapm_filtered.bam?csf=1&web=1&e=vfUsJq,https://uscedu-my.sharepoint.com/:u:/r/personal/zhipengl_usc_edu/Documents/CRIS/data/PARIS/PARIS2/Virus/HS-HeLa_Amo-0.5_T4-24h_exo-0h_VR1197_AG/HS-HeLa_Amo-0.5_T4-24h_exo-0h_VR1197_AG_prihomo.bam?csf=1&web=1&e=0cA3Tv,https://uscedu-my.sharepoint.com/:u:/r/personal/zhipengl_usc_edu/Documents/CRIS/data/PARIS/PARIS2/Virus/HS-HeLa_Amo-0.5_T4-24h_exo-0h_VR1197_AG/HS-HeLa_Amo-0.5_T4-24h_exo-0h_VR1197_AG_pritrans.bam?csf=1&web=1&e=5vHROu,https://uscedu-my.sharepoint.com/:b:/r/personal/zhipengl_usc_edu/Documents/CRIS/data/PARIS/PARIS2/Virus/HS-HeLa_Amo-0.5_T4-24h_exo-0h_VR1197_AG/HS-HeLa_Amo-0.5_T4-24h_exo-0h_VR1197_AG_gaplen.pdf?csf=1&web=1&e=PDuyie,https://uscedu-my.sharepoint.com/:b:/r/personal/zhipengl_usc_edu/Documents/CRIS/data/PARIS/PARIS2/Virus/HS-HeLa_Amo-0.5_T4-24h_exo-0h_VR1197_AG/HS-HeLa_Amo-0.5_T4-24h_exo-0h_VR1197_AG_seglen.pdf?csf=1&web=1&e=NozHpa,https://uscedu-my.sharepoint.com/:u:/r/personal/zhipengl_usc_edu/Documents/CRIS/data/PARIS/PARIS2/HeLa_VR1197_AG_fastqc.html?csf=1&web=1&e=n7U2TK
HS-HeLa_Amo-0.5_T4-24h_exo-0h_VR1197_GA,https://uscedu-my.sharepoint.com/:u:/r/personal/zhipengl_usc_edu/Documents/CRIS/data/PARIS/PARIS2/Virus/HS-HeLa_Amo-0.5_T4-24h_exo-0h_VR1197_GA/HS-HeLa_Amo-0.5_T4-24h_exo-0h_VR1197_GA_pri_crssant.bam?csf=1&web=1&e=l0Irm0,https://uscedu-my.sharepoint.com/:u:/r/personal/zhipengl_usc_edu/Documents/CRIS/data/PARIS/PARIS2/Virus/HS-HeLa_Amo-0.5_T4-24h_exo-0h_VR1197_GA/HS-HeLa_Amo-0.5_T4-24h_exo-0h_VR1197_GA_prigap1.bam?csf=1&web=1&e=ul9Ish,https://uscedu-my.sharepoint.com/:u:/r/personal/zhipengl_usc_edu/Documents/CRIS/data/PARIS/PARIS2/Virus/HS-HeLa_Amo-0.5_T4-24h_exo-0h_VR1197_GA/HS-HeLa_Amo-0.5_T4-24h_exo-0h_VR1197_GA_prigap1_filtered.bam?csf=1&web=1&e=6BIX3E,https://uscedu-my.sharepoint.com/:u:/r/personal/zhipengl_usc_edu/Documents/CRIS/data/PARIS/PARIS2/Virus/HS-HeLa_Amo-0.5_T4-24h_exo-0h_VR1197_GA/HS-HeLa_Amo-0.5_T4-24h_exo-0h_VR1197_GA_prigapm.bam?csf=1&web=1&e=ZnP3Aj,https://uscedu-my.sharepoint.com/:u:/r/personal/zhipengl_usc_edu/Documents/CRIS/data/PARIS/PARIS2/Virus/HS-HeLa_Amo-0.5_T4-24h_exo-0h_VR1197_GA/HS-HeLa_Amo-0.5_T4-24h_exo-0h_VR1197_GA_prigapm_filtered.bam?csf=1&web=1&e=QqPW0O,https://uscedu-my.sharepoint.com/:u:/r/personal/zhipengl_usc_edu/Documents/CRIS/data/PARIS/PARIS2/Virus/HS-HeLa_Amo-0.5_T4-24h_exo-0h_VR1197_GA/HS-HeLa_Amo-0.5_T4-24h_exo-0h_VR1197_GA_prihomo.bam?csf=1&web=1&e=yU6asb,https://uscedu-my.sharepoint.com/:u:/r/personal/zhipengl_usc_edu/Documents/CRIS/data/PARIS/PARIS2/Virus/HS-HeLa_Amo-0.5_T4-24h_exo-0h_VR1197_GA/HS-HeLa_Amo-0.5_T4-24h_exo-0h_VR1197_GA_pritrans.bam?csf=1&web=1&e=Pl48wb,https://uscedu-my.sharepoint.com/:b:/r/personal/zhipengl_usc_edu/Documents/CRIS/data/PARIS/PARIS2/Virus/HS-HeLa_Amo-0.5_T4-24h_exo-0h_VR1197_GA/HS-HeLa_Amo-0.5_T4-24h_exo-0h_VR1197_GA_gaplen.pdf?csf=1&web=1&e=fK5q2h,https://uscedu-my.sharepoint.com/:b:/r/personal/zhipengl_usc_edu/Documents/CRIS/data/PARIS/PARIS2/Virus/HS-HeLa_Amo-0.5_T4-24h_exo-0h_VR1197_GA/HS-HeLa_Amo-0.5_T4-24h_exo-0h_VR1197_GA_seglen.pdf?csf=1&web=1&e=NNBgQO,https://uscedu-my.sharepoint.com/:u:/r/personal/zhipengl_usc_edu/Documents/CRIS/data/PARIS/PARIS2/HeLa_VR1197_GA_fastqc.html?csf=1&web=1&e=y7kiv8
HS-SHSY5Y_Amo-0.5_T4-24h_exo-0h_US47,https://uscedu-my.sharepoint.com/:u:/r/personal/zhipengl_usc_edu/Documents/CRIS/data/PARIS/PARIS2/Virus/HS-SHSY5Y_Amo-0.5_T4-24h_exo-0h_US47/HS-SHSY5Y_Amo-0.5_T4-24h_exo-0h_US47_pri_crssant.bam?csf=1&web=1&e=5r7Nvt,https://uscedu-my.sharepoint.com/:u:/r/personal/zhipengl_usc_edu/Documents/CRIS/data/PARIS/PARIS2/Virus/HS-SHSY5Y_Amo-0.5_T4-24h_exo-0h_US47/HS-SHSY5Y_Amo-0.5_T4-24h_exo-0h_US47_prigap1.bam?csf=1&web=1&e=gFZM7j,https://uscedu-my.sharepoint.com/:u:/r/personal/zhipengl_usc_edu/Documents/CRIS/data/PARIS/PARIS2/Virus/HS-SHSY5Y_Amo-0.5_T4-24h_exo-0h_US47/HS-SHSY5Y_Amo-0.5_T4-24h_exo-0h_US47_prigap1_filtered.bam?csf=1&web=1&e=85JrQw,https://uscedu-my.sharepoint.com/:u:/r/personal/zhipengl_usc_edu/Documents/CRIS/data/PARIS/PARIS2/Virus/HS-SHSY5Y_Amo-0.5_T4-24h_exo-0h_US47/HS-SHSY5Y_Amo-0.5_T4-24h_exo-0h_US47_prigapm.bam?csf=1&web=1&e=uufGIG,https://uscedu-my.sharepoint.com/:u:/r/personal/zhipengl_usc_edu/Documents/CRIS/data/PARIS/PARIS2/Virus/HS-SHSY5Y_Amo-0.5_T4-24h_exo-0h_US47/HS-SHSY5Y_Amo-0.5_T4-24h_exo-0h_US47_prigapm_filtered.bam?csf=1&web=1&e=vBVhEI,https://uscedu-my.sharepoint.com/:u:/r/personal/zhipengl_usc_edu/Documents/CRIS/data/PARIS/PARIS2/Virus/HS-SHSY5Y_Amo-0.5_T4-24h_exo-0h_US47/HS-SHSY5Y_Amo-0.5_T4-24h_exo-0h_US47_prihomo.bam?csf=1&web=1&e=q2tIvh,https://uscedu-my.sharepoint.com/:u:/r/personal/zhipengl_usc_edu/Documents/CRIS/data/PARIS/PARIS2/Virus/HS-SHSY5Y_Amo-0.5_T4-24h_exo-0h_US47/HS-SHSY5Y_Amo-0.5_T4-24h_exo-0h_US47_pritrans.bam?csf=1&web=1&e=86oxsC,https://uscedu-my.sharepoint.com/:b:/r/personal/zhipengl_usc_edu/Documents/CRIS/data/PARIS/PARIS2/Virus/HS-SHSY5Y_Amo-0.5_T4-24h_exo-0h_US47/HS-SHSY5Y_Amo-0.5_T4-24h_exo-0h_US47_gaplen.pdf?csf=1&web=1&e=habMpI,https://uscedu-my.sharepoint.com/:b:/r/personal/zhipengl_usc_edu/Documents/CRIS/data/PARIS/PARIS2/Virus/HS-SHSY5Y_Amo-0.5_T4-24h_exo-0h_US47/HS-SHSY5Y_Amo-0.5_T4-24h_exo-0h_US47_seglen.pdf?csf=1&web=1&e=8y2aY6,https://uscedu-my.sharepoint.com/:u:/r/personal/zhipengl_usc_edu/Documents/CRIS/data/PARIS/PARIS2/HeLa_US47_fastqc.html?csf=1&web=1&e=GKn2Mf
HS-SHSY5Y_Amo-0.5_T4-24h_exo-0h_US47_AG,https://uscedu-my.sharepoint.com/:u:/r/personal/zhipengl_usc_edu/Documents/CRIS/data/PARIS/PARIS2/Virus/HS-SHSY5Y_Amo-0.5_T4-24h_exo-0h_US47_AG/HS-SHSY5Y_Amo-0.5_T4-24h_exo-0h_US47_AG_pri_crssant.bam?csf=1&web=1&e=9595Vq,https://uscedu-my.sharepoint.com/:u:/r/personal/zhipengl_usc_edu/Documents/CRIS/data/PARIS/PARIS2/Virus/HS-SHSY5Y_Amo-0.5_T4-24h_exo-0h_US47_AG/HS-SHSY5Y_Amo-0.5_T4-24h_exo-0h_US47_AG_prigap1.bam?csf=1&web=1&e=f8hsSF,https://uscedu-my.sharepoint.com/:u:/r/personal/zhipengl_usc_edu/Documents/CRIS/data/PARIS/PARIS2/Virus/HS-SHSY5Y_Amo-0.5_T4-24h_exo-0h_US47_AG/HS-SHSY5Y_Amo-0.5_T4-24h_exo-0h_US47_AG_prigap1_filtered.bam?csf=1&web=1&e=xrzCj9,https://uscedu-my.sharepoint.com/:u:/r/personal/zhipengl_usc_edu/Documents/CRIS/data/PARIS/PARIS2/Virus/HS-SHSY5Y_Amo-0.5_T4-24h_exo-0h_US47_AG/HS-SHSY5Y_Amo-0.5_T4-24h_exo-0h_US47_AG_prigapm.bam?csf=1&web=1&e=fsPkv0,https://uscedu-my.sharepoint.com/:u:/r/personal/zhipengl_usc_edu/Documents/CRIS/data/PARIS/PARIS2/Virus/HS-SHSY5Y_Amo-0.5_T4-24h_exo-0h_US47_AG/HS-SHSY5Y_Amo-0.5_T4-24h_exo-0h_US47_AG_prigapm_filtered.bam?csf=1&web=1&e=zSYOYC,https://uscedu-my.sharepoint.com/:u:/r/personal/zhipengl_usc_edu/Documents/CRIS/data/PARIS/PARIS2/Virus/HS-SHSY5Y_Amo-0.5_T4-24h_exo-0h_US47_AG/HS-SHSY5Y_Amo-0.5_T4-24h_exo-0h_US47_AG_prihomo.bam?csf=1&web=1&e=FnJ7bD,https://uscedu-my.sharepoint.com/:u:/r/personal/zhipengl_usc_edu/Documents/CRIS/data/PARIS/PARIS2/Virus/HS-SHSY5Y_Amo-0.5_T4-24h_exo-0h_US47_AG/HS-SHSY5Y_Amo-0.5_T4-24h_exo-0h_US47_AG_pritrans.bam?csf=1&web=1&e=RDabtd,https://uscedu-my.sharepoint.com/:b:/r/personal/zhipengl_usc_edu/Documents/CRIS/data/PARIS/PARIS2/Virus/HS-SHSY5Y_Amo-0.5_T4-24h_exo-0h_US47_AG/HS-SHSY5Y_Amo-0.5_T4-24h_exo-0h_US47_AG_gaplen.pdf?csf=1&web=1&e=0PFC2q,https://uscedu-my.sharepoint.com/:b:/r/personal/zhipengl_usc_edu/Documents/CRIS/data/PARIS/PARIS2/Virus/HS-SHSY5Y_Amo-0.5_T4-24h_exo-0h_US47_AG/HS-SHSY5Y_Amo-0.5_T4-24h_exo-0h_US47_AG_seglen.pdf?csf=1&web=1&e=y4Buxk,https://uscedu-my.sharepoint.com/:u:/r/personal/zhipengl_usc_edu/Documents/CRIS/data/PARIS/PARIS2/HeLa_US47_AG_fastqc.html?csf=1&web=1&e=RWCUWy
HS-SHSY5Y_Amo-0.5_T4-24h_exo-0h_US47_GA,https://uscedu-my.sharepoint.com/:u:/r/personal/zhipengl_usc_edu/Documents/CRIS/data/PARIS/PARIS2/Virus/HS-SHSY5Y_Amo-0.5_T4-24h_exo-0h_US47_GA/HS-SHSY5Y_Amo-0.5_T4-24h_exo-0h_US47_GA_pri_crssant.bam?csf=1&web=1&e=eMh33Q,https://uscedu-my.sharepoint.com/:u:/r/personal/zhipengl_usc_edu/Documents/CRIS/data/PARIS/PARIS2/Virus/HS-SHSY5Y_Amo-0.5_T4-24h_exo-0h_US47_GA/HS-SHSY5Y_Amo-0.5_T4-24h_exo-0h_US47_GA_prigap1.bam?csf=1&web=1&e=W4Rgt6,https://uscedu-my.sharepoint.com/:u:/r/personal/zhipengl_usc_edu/Documents/CRIS/data/PARIS/PARIS2/Virus/HS-SHSY5Y_Amo-0.5_T4-24h_exo-0h_US47_GA/HS-SHSY5Y_Amo-0.5_T4-24h_exo-0h_US47_GA_prigap1_filtered.bam?csf=1&web=1&e=jTPhGs,https://uscedu-my.sharepoint.com/:u:/r/personal/zhipengl_usc_edu/Documents/CRIS/data/PARIS/PARIS2/Virus/HS-SHSY5Y_Amo-0.5_T4-24h_exo-0h_US47_GA/HS-SHSY5Y_Amo-0.5_T4-24h_exo-0h_US47_GA_prigapm.bam?csf=1&web=1&e=hfIH5m,https://uscedu-my.sharepoint.com/:u:/r/personal/zhipengl_usc_edu/Documents/CRIS/data/PARIS/PARIS2/Virus/HS-SHSY5Y_Amo-0.5_T4-24h_exo-0h_US47_GA/HS-SHSY5Y_Amo-0.5_T4-24h_exo-0h_US47_GA_prigapm_filtered.bam?csf=1&web=1&e=xfxe1K,https://uscedu-my.sharepoint.com/:u:/r/personal/zhipengl_usc_edu/Documents/CRIS/data/PARIS/PARIS2/Virus/HS-SHSY5Y_Amo-0.5_T4-24h_exo-0h_US47_GA/HS-SHSY5Y_Amo-0.5_T4-24h_exo-0h_US47_GA_prihomo.bam?csf=1&web=1&e=siCiyX,https://uscedu-my.sharepoint.com/:u:/r/personal/zhipengl_usc_edu/Documents/CRIS/data/PARIS/PARIS2/Virus/HS-SHSY5Y_Amo-0.5_T4-24h_exo-0h_US47_GA/HS-SHSY5Y_Amo-0.5_T4-24h_exo-0h_US47_GA_pritrans.bam?csf=1&web=1&e=uqko0g,https://uscedu-my.sharepoint.com/:b:/r/personal/zhipengl_usc_edu/Documents/CRIS/data/PARIS/PARIS2/Virus/HS-SHSY5Y_Amo-0.5_T4-24h_exo-0h_US47_GA/HS-SHSY5Y_Amo-0.5_T4-24h_exo-0h_US47_GA_gaplen.pdf?csf=1&web=1&e=bMP5FX,https://uscedu-my.sharepoint.com/:b:/r/personal/zhipengl_usc_edu/Documents/CRIS/data/PARIS/PARIS2/Virus/HS-SHSY5Y_Amo-0.5_T4-24h_exo-0h_US47_GA/HS-SHSY5Y_Amo-0.5_T4-24h_exo-0h_US47_GA_seglen.pdf?csf=1&web=1&e=RTH7yL,https://uscedu-my.sharepoint.com/:u:/r/personal/zhipengl_usc_edu/Documents/CRIS/data/PARIS/PARIS2/HeLa_US47_GA_fastqc.html?csf=1&web=1&e=loej0j
HS-HeLa_DPI-5_T4-24h_exo-0h,https://uscedu-my.sharepoint.com/:u:/r/personal/zhipengl_usc_edu/Documents/CRIS/data/SHARC/SHARC-exo/HS-HeLa_DPI-5_T4-24h_exo-0h/HS-HeLa_DPI-5_T4-24h_exo-0h_pri_crssant.bam?csf=1&web=1&e=WUX9Jj,https://uscedu-my.sharepoint.com/:u:/r/personal/zhipengl_usc_edu/Documents/CRIS/data/SHARC/SHARC-exo/HS-HeLa_DPI-5_T4-24h_exo-0h/HS-HeLa_DPI-5_T4-24h_exo-0h_prigap1.bam?csf=1&web=1&e=ol6Fmm,https://uscedu-my.sharepoint.com/:u:/r/personal/zhipengl_usc_edu/Documents/CRIS/data/SHARC/SHARC-exo/HS-HeLa_DPI-5_T4-24h_exo-0h/HS-HeLa_DPI-5_T4-24h_exo-0h_prigap1_filtered.bam?csf=1&web=1&e=WkV0dH,https://uscedu-my.sharepoint.com/:u:/r/personal/zhipengl_usc_edu/Documents/CRIS/data/SHARC/SHARC-exo/HS-HeLa_DPI-5_T4-24h_exo-0h/HS-HeLa_DPI-5_T4-24h_exo-0h_prigapm.bam?csf=1&web=1&e=KJEP8y,https://uscedu-my.sharepoint.com/:u:/r/personal/zhipengl_usc_edu/Documents/CRIS/data/SHARC/SHARC-exo/HS-HeLa_DPI-5_T4-24h_exo-0h/HS-HeLa_DPI-5_T4-24h_exo-0h_prigapm_filtered.bam?csf=1&web=1&e=KdNxbW,https://uscedu-my.sharepoint.com/:u:/r/personal/zhipengl_usc_edu/Documents/CRIS/data/SHARC/SHARC-exo/HS-HeLa_DPI-5_T4-24h_exo-0h/HS-HeLa_DPI-5_T4-24h_exo-0h_prihomo.bam?csf=1&web=1&e=TuovG7,https://uscedu-my.sharepoint.com/:u:/r/personal/zhipengl_usc_edu/Documents/CRIS/data/SHARC/SHARC-exo/HS-HeLa_DPI-5_T4-24h_exo-0h/HS-HeLa_DPI-5_T4-24h_exo-0h_pritrans.bam?csf=1&web=1&e=8d3Pdn,https://uscedu-my.sharepoint.com/:b:/r/personal/zhipengl_usc_edu/Documents/CRIS/data/SHARC/SHARC-exo/HS-HeLa_DPI-5_T4-24h_exo-0h/HS-HeLa_DPI-5_T4-24h_exo-0h_gaplen.pdf?csf=1&web=1&e=oLxgeu,https://uscedu-my.sharepoint.com/:b:/r/personal/zhipengl_usc_edu/Documents/CRIS/data/SHARC/SHARC-exo/HS-HeLa_DPI-5_T4-24h_exo-0h/HS-HeLa_DPI-5_T4-24h_exo-0h_seglen.pdf?csf=1&web=1&e=ULbwnK,https://uscedu-my.sharepoint.com/:u:/r/personal/zhipengl_usc_edu/Documents/CRIS/data/SHARC/SHARC-exo/HeLa5mMpyr_exo0h_fastqc.html?csf=1&web=1&e=KEqm2M
HS-HeLa_DPI-5_T4-24h_exo-2h,https://uscedu-my.sharepoint.com/:u:/r/personal/zhipengl_usc_edu/Documents/CRIS/data/SHARC/SHARC-exo/HS-HeLa_DPI-5_T4-24h_exo-2h/HS-HeLa_DPI-5_T4-24h_exo-2h_pri_crssant.bam?csf=1&web=1&e=ZgtSG5,https://uscedu-my.sharepoint.com/:u:/r/personal/zhipengl_usc_edu/Documents/CRIS/data/SHARC/SHARC-exo/HS-HeLa_DPI-5_T4-24h_exo-2h/HS-HeLa_DPI-5_T4-24h_exo-2h_prigap1.bam?csf=1&web=1&e=rCEq8r,https://uscedu-my.sharepoint.com/:u:/r/personal/zhipengl_usc_edu/Documents/CRIS/data/SHARC/SHARC-exo/HS-HeLa_DPI-5_T4-24h_exo-2h/HS-HeLa_DPI-5_T4-24h_exo-2h_prigap1_filtered.bam?csf=1&web=1&e=udLl4e,https://uscedu-my.sharepoint.com/:u:/r/personal/zhipengl_usc_edu/Documents/CRIS/data/SHARC/SHARC-exo/HS-HeLa_DPI-5_T4-24h_exo-2h/HS-HeLa_DPI-5_T4-24h_exo-2h_prigapm.bam?csf=1&web=1&e=gPjdMh,https://uscedu-my.sharepoint.com/:u:/r/personal/zhipengl_usc_edu/Documents/CRIS/data/SHARC/SHARC-exo/HS-HeLa_DPI-5_T4-24h_exo-2h/HS-HeLa_DPI-5_T4-24h_exo-2h_prigapm_filtered.bam?csf=1&web=1&e=Fy13N1,https://uscedu-my.sharepoint.com/:u:/r/personal/zhipengl_usc_edu/Documents/CRIS/data/SHARC/SHARC-exo/HS-HeLa_DPI-5_T4-24h_exo-2h/HS-HeLa_DPI-5_T4-24h_exo-2h_prihomo.bam?csf=1&web=1&e=WOHlNU,https://uscedu-my.sharepoint.com/:u:/r/personal/zhipengl_usc_edu/Documents/CRIS/data/SHARC/SHARC-exo/HS-HeLa_DPI-5_T4-24h_exo-2h/HS-HeLa_DPI-5_T4-24h_exo-2h_pritrans.bam?csf=1&web=1&e=RYPDg1,https://uscedu-my.sharepoint.com/:b:/r/personal/zhipengl_usc_edu/Documents/CRIS/data/SHARC/SHARC-exo/HS-HeLa_DPI-5_T4-24h_exo-2h/HS-HeLa_DPI-5_T4-24h_exo-2h_gaplen.pdf?csf=1&web=1&e=DHa67v,https://uscedu-my.sharepoint.com/:b:/r/personal/zhipengl_usc_edu/Documents/CRIS/data/SHARC/SHARC-exo/HS-HeLa_DPI-5_T4-24h_exo-2h/HS-HeLa_DPI-5_T4-24h_exo-2h_seglen.pdf?csf=1&web=1&e=RiAfKJ,https://uscedu-my.sharepoint.com/:u:/r/personal/zhipengl_usc_edu/Documents/CRIS/data/SHARC/SHARC-exo/HeLa5mMpyr_exo2h_fastqc.html?csf=1&web=1&e=ZnfM0g
HS-HeLa_DPI-5_T4-24h_exo-12h,https://uscedu-my.sharepoint.com/:u:/r/personal/zhipengl_usc_edu/Documents/CRIS/data/SHARC/SHARC-exo/HS-HeLa_DPI-5_T4-24h_exo-12h/HS-HeLa_DPI-5_T4-24h_exo-12h_pri_crssant.bam?csf=1&web=1&e=c0yaAV,https://uscedu-my.sharepoint.com/:u:/r/personal/zhipengl_usc_edu/Documents/CRIS/data/SHARC/SHARC-exo/HS-HeLa_DPI-5_T4-24h_exo-12h/HS-HeLa_DPI-5_T4-24h_exo-12h_prigap1.bam?csf=1&web=1&e=2bMYHu,https://uscedu-my.sharepoint.com/:u:/r/personal/zhipengl_usc_edu/Documents/CRIS/data/SHARC/SHARC-exo/HS-HeLa_DPI-5_T4-24h_exo-12h/HS-HeLa_DPI-5_T4-24h_exo-12h_prigap1_filtered.bam?csf=1&web=1&e=9HSah3,https://uscedu-my.sharepoint.com/:u:/r/personal/zhipengl_usc_edu/Documents/CRIS/data/SHARC/SHARC-exo/HS-HeLa_DPI-5_T4-24h_exo-12h/HS-HeLa_DPI-5_T4-24h_exo-12h_prigapm.bam?csf=1&web=1&e=Sh0Dfo,https://uscedu-my.sharepoint.com/:u:/r/personal/zhipengl_usc_edu/Documents/CRIS/data/SHARC/SHARC-exo/HS-HeLa_DPI-5_T4-24h_exo-12h/HS-HeLa_DPI-5_T4-24h_exo-12h_prigapm_filtered.bam?csf=1&web=1&e=WCU5Je,https://uscedu-my.sharepoint.com/:u:/r/personal/zhipengl_usc_edu/Documents/CRIS/data/SHARC/SHARC-exo/HS-HeLa_DPI-5_T4-24h_exo-12h/HS-HeLa_DPI-5_T4-24h_exo-12h_prihomo.bam?csf=1&web=1&e=Qda8GM,https://uscedu-my.sharepoint.com/:u:/r/personal/zhipengl_usc_edu/Documents/CRIS/data/SHARC/SHARC-exo/HS-HeLa_DPI-5_T4-24h_exo-12h/HS-HeLa_DPI-5_T4-24h_exo-12h_pritrans.bam?csf=1&web=1&e=YuCYxN,https://uscedu-my.sharepoint.com/:b:/r/personal/zhipengl_usc_edu/Documents/CRIS/data/SHARC/SHARC-exo/HS-HeLa_DPI-5_T4-24h_exo-12h/HS-HeLa_DPI-5_T4-24h_exo-12h_gaplen.pdf?csf=1&web=1&e=3LbBH0,https://uscedu-my.sharepoint.com/:b:/r/personal/zhipengl_usc_edu/Documents/CRIS/data/SHARC/SHARC-exo/HS-HeLa_DPI-5_T4-24h_exo-12h/HS-HeLa_DPI-5_T4-24h_exo-12h_seglen.pdf?csf=1&web=1&e=hTk1Q8,https://uscedu-my.sharepoint.com/:u:/r/personal/zhipengl_usc_edu/Documents/CRIS/data/SHARC/SHARC-exo/HeLa5mMpyr_exo12h_fastqc.html?csf=1&web=1&e=iBLlbY
HS-HeLa_DPI-12.5_T4-24h_exo-0h,https://uscedu-my.sharepoint.com/:u:/r/personal/zhipengl_usc_edu/Documents/CRIS/data/SHARC/SHARC-exo/HS-HeLa_DPI-12.5_T4-24h_exo-0h/HS-HeLa_DPI-12.5_T4-24h_exo-0h_pri_crssant.bam?csf=1&web=1&e=oykXJW,https://uscedu-my.sharepoint.com/:u:/r/personal/zhipengl_usc_edu/Documents/CRIS/data/SHARC/SHARC-exo/HS-HeLa_DPI-12.5_T4-24h_exo-0h/HS-HeLa_DPI-12.5_T4-24h_exo-0h_prigap1.bam?csf=1&web=1&e=xa1uCx,https://uscedu-my.sharepoint.com/:u:/r/personal/zhipengl_usc_edu/Documents/CRIS/data/SHARC/SHARC-exo/HS-HeLa_DPI-12.5_T4-24h_exo-0h/HS-HeLa_DPI-12.5_T4-24h_exo-0h_prigap1_filtered.bam?csf=1&web=1&e=Ik1F8j,https://uscedu-my.sharepoint.com/:u:/r/personal/zhipengl_usc_edu/Documents/CRIS/data/SHARC/SHARC-exo/HS-HeLa_DPI-12.5_T4-24h_exo-0h/HS-HeLa_DPI-12.5_T4-24h_exo-0h_prigapm.bam?csf=1&web=1&e=NiAeuv,https://uscedu-my.sharepoint.com/:u:/r/personal/zhipengl_usc_edu/Documents/CRIS/data/SHARC/SHARC-exo/HS-HeLa_DPI-12.5_T4-24h_exo-0h/HS-HeLa_DPI-12.5_T4-24h_exo-0h_prigapm_filtered.bam?csf=1&web=1&e=FWt70c,https://uscedu-my.sharepoint.com/:u:/r/personal/zhipengl_usc_edu/Documents/CRIS/data/SHARC/SHARC-exo/HS-HeLa_DPI-12.5_T4-24h_exo-0h/HS-HeLa_DPI-12.5_T4-24h_exo-0h_prihomo.bam?csf=1&web=1&e=BnEqcx,https://uscedu-my.sharepoint.com/:u:/r/personal/zhipengl_usc_edu/Documents/CRIS/data/SHARC/SHARC-exo/HS-HeLa_DPI-12.5_T4-24h_exo-0h/HS-HeLa_DPI-12.5_T4-24h_exo-0h_pritrans.bam?csf=1&web=1&e=e3Dofu,https://uscedu-my.sharepoint.com/:b:/r/personal/zhipengl_usc_edu/Documents/CRIS/data/SHARC/SHARC-exo/HS-HeLa_DPI-12.5_T4-24h_exo-0h/HS-HeLa_DPI-12.5_T4-24h_exo-0h_gaplen.pdf?csf=1&web=1&e=HyPOya,https://uscedu-my.sharepoint.com/:b:/r/personal/zhipengl_usc_edu/Documents/CRIS/data/SHARC/SHARC-exo/HS-HeLa_DPI-12.5_T4-24h_exo-0h/HS-HeLa_DPI-12.5_T4-24h_exo-0h_seglen.pdf?csf=1&web=1&e=cDWBvU,https://uscedu-my.sharepoint.com/:u:/r/personal/zhipengl_usc_edu/Documents/CRIS/data/SHARC/SHARC-exo/HeLa12.5mMpyr_exo0h_fastqc.html?csf=1&web=1&e=ESMy0W
HS-HeLa_DPI-12.5_T4-24h_exo-0h_NOrRNA,https://uscedu-my.sharepoint.com/:u:/r/personal/zhipengl_usc_edu/Documents/CRIS/data/SHARC/SHARC-exo/HS-HeLa_DPI-12.5_T4-24h_exo-0h_NOrRNA/HS-HeLa_DPI-12.5_T4-24h_exo-0h_NOrRNA_pri_crssant.bam?csf=1&web=1&e=becN4c,https://uscedu-my.sharepoint.com/:u:/r/personal/zhipengl_usc_edu/Documents/CRIS/data/SHARC/SHARC-exo/HS-HeLa_DPI-12.5_T4-24h_exo-0h_NOrRNA/HS-HeLa_DPI-12.5_T4-24h_exo-0h_NOrRNA_prigap1.bam?csf=1&web=1&e=xACQU0,https://uscedu-my.sharepoint.com/:u:/r/personal/zhipengl_usc_edu/Documents/CRIS/data/SHARC/SHARC-exo/HS-HeLa_DPI-12.5_T4-24h_exo-0h_NOrRNA/HS-HeLa_DPI-12.5_T4-24h_exo-0h_NOrRNA_prigap1_filtered.bam?csf=1&web=1&e=RJDRi6,https://uscedu-my.sharepoint.com/:u:/r/personal/zhipengl_usc_edu/Documents/CRIS/data/SHARC/SHARC-exo/HS-HeLa_DPI-12.5_T4-24h_exo-0h_NOrRNA/HS-HeLa_DPI-12.5_T4-24h_exo-0h_NOrRNA_prigapm.bam?csf=1&web=1&e=JwVGIj,https://uscedu-my.sharepoint.com/:u:/r/personal/zhipengl_usc_edu/Documents/CRIS/data/SHARC/SHARC-exo/HS-HeLa_DPI-12.5_T4-24h_exo-0h_NOrRNA/HS-HeLa_DPI-12.5_T4-24h_exo-0h_NOrRNA_prigapm_filtered.bam?csf=1&web=1&e=07S2hS,https://uscedu-my.sharepoint.com/:u:/r/personal/zhipengl_usc_edu/Documents/CRIS/data/SHARC/SHARC-exo/HS-HeLa_DPI-12.5_T4-24h_exo-0h_NOrRNA/HS-HeLa_DPI-12.5_T4-24h_exo-0h_NOrRNA_prihomo.bam?csf=1&web=1&e=J0znP3,https://uscedu-my.sharepoint.com/:u:/r/personal/zhipengl_usc_edu/Documents/CRIS/data/SHARC/SHARC-exo/HS-HeLa_DPI-12.5_T4-24h_exo-0h_NOrRNA/HS-HeLa_DPI-12.5_T4-24h_exo-0h_NOrRNA_pritrans.bam?csf=1&web=1&e=ujcPBO,https://uscedu-my.sharepoint.com/:b:/r/personal/zhipengl_usc_edu/Documents/CRIS/data/SHARC/SHARC-exo/HS-HeLa_DPI-12.5_T4-24h_exo-0h_NOrRNA/HS-HeLa_DPI-12.5_T4-24h_exo-0h_NOrRNA_gaplen.pdf?csf=1&web=1&e=A5rJZ4,https://uscedu-my.sharepoint.com/:b:/r/personal/zhipengl_usc_edu/Documents/CRIS/data/SHARC/SHARC-exo/HS-HeLa_DPI-12.5_T4-24h_exo-0h_NOrRNA/HS-HeLa_DPI-12.5_T4-24h_exo-0h_NOrRNA_seglen.pdf?csf=1&web=1&e=Z5XxxO,https://uscedu-my.sharepoint.com/:u:/r/personal/zhipengl_usc_edu/Documents/CRIS/data/SHARC/SHARC-exo/HeLaNOrrna12.5mMpyr_exo0h_fastqc.html?csf=1&web=1&e=75sRpg
HS-HeLa_DPI-12.5_T4-24h_exo-2h,https://uscedu-my.sharepoint.com/:u:/r/personal/zhipengl_usc_edu/Documents/CRIS/data/SHARC/SHARC-exo/HS-HeLa_DPI-12.5_T4-24h_exo-2h/HS-HeLa_DPI-12.5_T4-24h_exo-2h_pri_crssant.bam?csf=1&web=1&e=0z3Qc5,https://uscedu-my.sharepoint.com/:u:/r/personal/zhipengl_usc_edu/Documents/CRIS/data/SHARC/SHARC-exo/HS-HeLa_DPI-12.5_T4-24h_exo-2h/HS-HeLa_DPI-12.5_T4-24h_exo-2h_prigap1.bam?csf=1&web=1&e=dytRpC,https://uscedu-my.sharepoint.com/:u:/r/personal/zhipengl_usc_edu/Documents/CRIS/data/SHARC/SHARC-exo/HS-HeLa_DPI-12.5_T4-24h_exo-2h/HS-HeLa_DPI-12.5_T4-24h_exo-2h_prigap1_filtered.bam?csf=1&web=1&e=YiZKB2,https://uscedu-my.sharepoint.com/:u:/r/personal/zhipengl_usc_edu/Documents/CRIS/data/SHARC/SHARC-exo/HS-HeLa_DPI-12.5_T4-24h_exo-2h/HS-HeLa_DPI-12.5_T4-24h_exo-2h_prigapm.bam?csf=1&web=1&e=eRgdC8,https://uscedu-my.sharepoint.com/:u:/r/personal/zhipengl_usc_edu/Documents/CRIS/data/SHARC/SHARC-exo/HS-HeLa_DPI-12.5_T4-24h_exo-2h/HS-HeLa_DPI-12.5_T4-24h_exo-2h_prigapm_filtered.bam?csf=1&web=1&e=E31URz,https://uscedu-my.sharepoint.com/:u:/r/personal/zhipengl_usc_edu/Documents/CRIS/data/SHARC/SHARC-exo/HS-HeLa_DPI-12.5_T4-24h_exo-2h/HS-HeLa_DPI-12.5_T4-24h_exo-2h_prihomo.bam?csf=1&web=1&e=y6fP1f,https://uscedu-my.sharepoint.com/:u:/r/personal/zhipengl_usc_edu/Documents/CRIS/data/SHARC/SHARC-exo/HS-HeLa_DPI-12.5_T4-24h_exo-2h/HS-HeLa_DPI-12.5_T4-24h_exo-2h_pritrans.bam?csf=1&web=1&e=IVulbi,https://uscedu-my.sharepoint.com/:b:/r/personal/zhipengl_usc_edu/Documents/CRIS/data/SHARC/SHARC-exo/HS-HeLa_DPI-12.5_T4-24h_exo-2h/HS-HeLa_DPI-12.5_T4-24h_exo-2h_gaplen.pdf?csf=1&web=1&e=7SL13b,https://uscedu-my.sharepoint.com/:b:/r/personal/zhipengl_usc_edu/Documents/CRIS/data/SHARC/SHARC-exo/HS-HeLa_DPI-12.5_T4-24h_exo-2h/HS-HeLa_DPI-12.5_T4-24h_exo-2h_seglen.pdf?csf=1&web=1&e=LJQSTM,https://uscedu-my.sharepoint.com/:u:/r/personal/zhipengl_usc_edu/Documents/CRIS/data/SHARC/SHARC-exo/HeLa12.5mMpyr_exo2h_fastqc.html?csf=1&web=1&e=IV9dci
HS-HeLa_DPI-12.5_T4-24h_exo-12h,https://uscedu-my.sharepoint.com/:u:/r/personal/zhipengl_usc_edu/Documents/CRIS/data/SHARC/SHARC-exo/HS-HeLa_DPI-12.5_T4-24h_exo-12h/HS-HeLa_DPI-12.5_T4-24h_exo-12h_pri_crssant.bam?csf=1&web=1&e=XWbNas,https://uscedu-my.sharepoint.com/:u:/r/personal/zhipengl_usc_edu/Documents/CRIS/data/SHARC/SHARC-exo/HS-HeLa_DPI-12.5_T4-24h_exo-12h/HS-HeLa_DPI-12.5_T4-24h_exo-12h_prigap1.bam?csf=1&web=1&e=4hu1vc,https://uscedu-my.sharepoint.com/:u:/r/personal/zhipengl_usc_edu/Documents/CRIS/data/SHARC/SHARC-exo/HS-HeLa_DPI-12.5_T4-24h_exo-12h/HS-HeLa_DPI-12.5_T4-24h_exo-12h_prigap1_filtered.bam?csf=1&web=1&e=4OY7jr,https://uscedu-my.sharepoint.com/:u:/r/personal/zhipengl_usc_edu/Documents/CRIS/data/SHARC/SHARC-exo/HS-HeLa_DPI-12.5_T4-24h_exo-12h/HS-HeLa_DPI-12.5_T4-24h_exo-12h_prigapm.bam?csf=1&web=1&e=beBRXC,https://uscedu-my.sharepoint.com/:u:/r/personal/zhipengl_usc_edu/Documents/CRIS/data/SHARC/SHARC-exo/HS-HeLa_DPI-12.5_T4-24h_exo-12h/HS-HeLa_DPI-12.5_T4-24h_exo-12h_prigapm_filtered.bam?csf=1&web=1&e=nX6DVP,https://uscedu-my.sharepoint.com/:u:/r/personal/zhipengl_usc_edu/Documents/CRIS/data/SHARC/SHARC-exo/HS-HeLa_DPI-12.5_T4-24h_exo-12h/HS-HeLa_DPI-12.5_T4-24h_exo-12h_prihomo.bam?csf=1&web=1&e=OsTXKC,https://uscedu-my.sharepoint.com/:u:/r/personal/zhipengl_usc_edu/Documents/CRIS/data/SHARC/SHARC-exo/HS-HeLa_DPI-12.5_T4-24h_exo-12h/HS-HeLa_DPI-12.5_T4-24h_exo-12h_pritrans.bam?csf=1&web=1&e=77kxi1,https://uscedu-my.sharepoint.com/:b:/r/personal/zhipengl_usc_edu/Documents/CRIS/data/SHARC/SHARC-exo/HS-HeLa_DPI-12.5_T4-24h_exo-12h/HS-HeLa_DPI-12.5_T4-24h_exo-12h_gaplen.pdf?csf=1&web=1&e=qvz7LA,https://uscedu-my.sharepoint.com/:b:/r/personal/zhipengl_usc_edu/Documents/CRIS/data/SHARC/SHARC-exo/HS-HeLa_DPI-12.5_T4-24h_exo-12h/HS-HeLa_DPI-12.5_T4-24h_exo-12h_seglen.pdf?csf=1&web=1&e=4u3hXo,https://uscedu-my.sharepoint.com/:u:/r/personal/zhipengl_usc_edu/Documents/CRIS/data/SHARC/SHARC-exo/HeLa12.5mMpyr_exo12h_fastqc.html?csf=1&web=1&e=7ZEhbK
HS-HeLa_DPI-12.5_T4-24h_exo-24h,https://uscedu-my.sharepoint.com/:u:/r/personal/zhipengl_usc_edu/Documents/CRIS/data/SHARC/SHARC-exo/HS-HeLa_DPI-12.5_T4-24h_exo-24h/HS-HeLa_DPI-12.5_T4-24h_exo-24h_pri_crssant.bam?csf=1&web=1&e=P5UxQ0,https://uscedu-my.sharepoint.com/:u:/r/personal/zhipengl_usc_edu/Documents/CRIS/data/SHARC/SHARC-exo/HS-HeLa_DPI-12.5_T4-24h_exo-24h/HS-HeLa_DPI-12.5_T4-24h_exo-24h_prigap1.bam?csf=1&web=1&e=CGz4bn,https://uscedu-my.sharepoint.com/:u:/r/personal/zhipengl_usc_edu/Documents/CRIS/data/SHARC/SHARC-exo/HS-HeLa_DPI-12.5_T4-24h_exo-24h/HS-HeLa_DPI-12.5_T4-24h_exo-24h_prigap1_filtered.bam?csf=1&web=1&e=HSRpUa,https://uscedu-my.sharepoint.com/:u:/r/personal/zhipengl_usc_edu/Documents/CRIS/data/SHARC/SHARC-exo/HS-HeLa_DPI-12.5_T4-24h_exo-24h/HS-HeLa_DPI-12.5_T4-24h_exo-24h_prigapm.bam?csf=1&web=1&e=lSDC34,https://uscedu-my.sharepoint.com/:u:/r/personal/zhipengl_usc_edu/Documents/CRIS/data/SHARC/SHARC-exo/HS-HeLa_DPI-12.5_T4-24h_exo-24h/HS-HeLa_DPI-12.5_T4-24h_exo-24h_prigapm_filtered.bam?csf=1&web=1&e=smpieW,https://uscedu-my.sharepoint.com/:u:/r/personal/zhipengl_usc_edu/Documents/CRIS/data/SHARC/SHARC-exo/HS-HeLa_DPI-12.5_T4-24h_exo-24h/HS-HeLa_DPI-12.5_T4-24h_exo-24h_prihomo.bam?csf=1&web=1&e=8gb4Qq,https://uscedu-my.sharepoint.com/:u:/r/personal/zhipengl_usc_edu/Documents/CRIS/data/SHARC/SHARC-exo/HS-HeLa_DPI-12.5_T4-24h_exo-24h/HS-HeLa_DPI-12.5_T4-24h_exo-24h_pritrans.bam?csf=1&web=1&e=jP8DhE,https://uscedu-my.sharepoint.com/:b:/r/personal/zhipengl_usc_edu/Documents/CRIS/data/SHARC/SHARC-exo/HS-HeLa_DPI-12.5_T4-24h_exo-24h/HS-HeLa_DPI-12.5_T4-24h_exo-24h_gaplen.pdf?csf=1&web=1&e=ZyboM4,https://uscedu-my.sharepoint.com/:b:/r/personal/zhipengl_usc_edu/Documents/CRIS/data/SHARC/SHARC-exo/HS-HeLa_DPI-12.5_T4-24h_exo-24h/HS-HeLa_DPI-12.5_T4-24h_exo-24h_seglen.pdf?csf=1&web=1&e=NLosPC,https://uscedu-my.sharepoint.com/:u:/r/personal/zhipengl_usc_edu/Documents/CRIS/data/SHARC/SHARC-exo/HeLa12.5mMpyr_exo24h_fastqc.html?csf=1&web=1&e=flwuUB
HS-HeLa_DPI-12.5_T4-24h_exo-24h_NOrRNA,https://uscedu-my.sharepoint.com/:u:/r/personal/zhipengl_usc_edu/Documents/CRIS/data/SHARC/SHARC-exo/HS-HeLa_DPI-12.5_T4-24h_exo-24h_NOrRNA/HS-HeLa_DPI-12.5_T4-24h_exo-24h_NOrRNA_pri_crssant.bam?csf=1&web=1&e=d684z2,https://uscedu-my.sharepoint.com/:u:/r/personal/zhipengl_usc_edu/Documents/CRIS/data/SHARC/SHARC-exo/HS-HeLa_DPI-12.5_T4-24h_exo-24h_NOrRNA/HS-HeLa_DPI-12.5_T4-24h_exo-24h_NOrRNA_prigap1.bam?csf=1&web=1&e=leTSsd,https://uscedu-my.sharepoint.com/:u:/r/personal/zhipengl_usc_edu/Documents/CRIS/data/SHARC/SHARC-exo/HS-HeLa_DPI-12.5_T4-24h_exo-24h_NOrRNA/HS-HeLa_DPI-12.5_T4-24h_exo-24h_NOrRNA_prigap1_filtered.bam?csf=1&web=1&e=p5LPQX,https://uscedu-my.sharepoint.com/:u:/r/personal/zhipengl_usc_edu/Documents/CRIS/data/SHARC/SHARC-exo/HS-HeLa_DPI-12.5_T4-24h_exo-24h_NOrRNA/HS-HeLa_DPI-12.5_T4-24h_exo-24h_NOrRNA_prigapm.bam?csf=1&web=1&e=32aFlG,https://uscedu-my.sharepoint.com/:u:/r/personal/zhipengl_usc_edu/Documents/CRIS/data/SHARC/SHARC-exo/HS-HeLa_DPI-12.5_T4-24h_exo-24h_NOrRNA/HS-HeLa_DPI-12.5_T4-24h_exo-24h_NOrRNA_prigapm_filtered.bam?csf=1&web=1&e=a815kz,https://uscedu-my.sharepoint.com/:u:/r/personal/zhipengl_usc_edu/Documents/CRIS/data/SHARC/SHARC-exo/HS-HeLa_DPI-12.5_T4-24h_exo-24h_NOrRNA/HS-HeLa_DPI-12.5_T4-24h_exo-24h_NOrRNA_prihomo.bam?csf=1&web=1&e=TuEdYe,https://uscedu-my.sharepoint.com/:u:/r/personal/zhipengl_usc_edu/Documents/CRIS/data/SHARC/SHARC-exo/HS-HeLa_DPI-12.5_T4-24h_exo-24h_NOrRNA/HS-HeLa_DPI-12.5_T4-24h_exo-24h_NOrRNA_pritrans.bam?csf=1&web=1&e=erjzCF,https://uscedu-my.sharepoint.com/:b:/r/personal/zhipengl_usc_edu/Documents/CRIS/data/SHARC/SHARC-exo/HS-HeLa_DPI-12.5_T4-24h_exo-24h_NOrRNA/HS-HeLa_DPI-12.5_T4-24h_exo-24h_NOrRNA_gaplen.pdf?csf=1&web=1&e=QrvmDW,https://uscedu-my.sharepoint.com/:b:/r/personal/zhipengl_usc_edu/Documents/CRIS/data/SHARC/SHARC-exo/HS-HeLa_DPI-12.5_T4-24h_exo-24h_NOrRNA/HS-HeLa_DPI-12.5_T4-24h_exo-24h_NOrRNA_seglen.pdf?csf=1&web=1&e=ePCpH7,https://uscedu-my.sharepoint.com/:u:/r/personal/zhipengl_usc_edu/Documents/CRIS/data/SHARC/SHARC-exo/HeLaNOrrna12.5mMpyr_exo24h_fastqc.html?csf=1&web=1&e=9nbK42
HS-HeLa_DPI-25_T4-24h_exo-2h,https://uscedu-my.sharepoint.com/:u:/r/personal/zhipengl_usc_edu/Documents/CRIS/data/SHARC/SHARC-exo/HS-HeLa_DPI-25_T4-24h_exo-2h/HS-HeLa_DPI-25_T4-24h_exo-2h_pri_crssant.bam?csf=1&web=1&e=alZ4DM,https://uscedu-my.sharepoint.com/:u:/r/personal/zhipengl_usc_edu/Documents/CRIS/data/SHARC/SHARC-exo/HS-HeLa_DPI-25_T4-24h_exo-2h/HS-HeLa_DPI-25_T4-24h_exo-2h_prigap1.bam?csf=1&web=1&e=9m3bW9,https://uscedu-my.sharepoint.com/:u:/r/personal/zhipengl_usc_edu/Documents/CRIS/data/SHARC/SHARC-exo/HS-HeLa_DPI-25_T4-24h_exo-2h/HS-HeLa_DPI-25_T4-24h_exo-2h_prigap1_filtered.bam?csf=1&web=1&e=it7Vxz,https://uscedu-my.sharepoint.com/:u:/r/personal/zhipengl_usc_edu/Documents/CRIS/data/SHARC/SHARC-exo/HS-HeLa_DPI-25_T4-24h_exo-2h/HS-HeLa_DPI-25_T4-24h_exo-2h_prigapm.bam?csf=1&web=1&e=bv6XZt,https://uscedu-my.sharepoint.com/:u:/r/personal/zhipengl_usc_edu/Documents/CRIS/data/SHARC/SHARC-exo/HS-HeLa_DPI-25_T4-24h_exo-2h/HS-HeLa_DPI-25_T4-24h_exo-2h_prigapm_filtered.bam?csf=1&web=1&e=OdTinZ,https://uscedu-my.sharepoint.com/:u:/r/personal/zhipengl_usc_edu/Documents/CRIS/data/SHARC/SHARC-exo/HS-HeLa_DPI-25_T4-24h_exo-2h/HS-HeLa_DPI-25_T4-24h_exo-2h_prihomo.bam?csf=1&web=1&e=ChggnW,https://uscedu-my.sharepoint.com/:u:/r/personal/zhipengl_usc_edu/Documents/CRIS/data/SHARC/SHARC-exo/HS-HeLa_DPI-25_T4-24h_exo-2h/HS-HeLa_DPI-25_T4-24h_exo-2h_pritrans.bam?csf=1&web=1&e=ifWA4b,https://uscedu-my.sharepoint.com/:b:/r/personal/zhipengl_usc_edu/Documents/CRIS/data/SHARC/SHARC-exo/HS-HeLa_DPI-25_T4-24h_exo-2h/HS-HeLa_DPI-25_T4-24h_exo-2h_gaplen.pdf?csf=1&web=1&e=JEXcTu,https://uscedu-my.sharepoint.com/:b:/r/personal/zhipengl_usc_edu/Documents/CRIS/data/SHARC/SHARC-exo/HS-HeLa_DPI-25_T4-24h_exo-2h/HS-HeLa_DPI-25_T4-24h_exo-2h_seglen.pdf?csf=1&web=1&e=GARAri,https://uscedu-my.sharepoint.com/:u:/r/personal/zhipengl_usc_edu/Documents/CRIS/data/SHARC/SHARC-exo/HeLa25mMpyr_exo2h_fastqc.html?csf=1&web=1&e=jlk5Ja
HS-HeLa_DPI-25_T4-24h_exo-24h,https://uscedu-my.sharepoint.com/:u:/r/personal/zhipengl_usc_edu/Documents/CRIS/data/SHARC/SHARC-exo/HS-HeLa_DPI-25_T4-24h_exo-24h/HS-HeLa_DPI-25_T4-24h_exo-24h_pri_crssant.bam?csf=1&web=1&e=69FZ7O,https://uscedu-my.sharepoint.com/:u:/r/personal/zhipengl_usc_edu/Documents/CRIS/data/SHARC/SHARC-exo/HS-HeLa_DPI-25_T4-24h_exo-24h/HS-HeLa_DPI-25_T4-24h_exo-24h_prigap1.bam?csf=1&web=1&e=3UK07s,https://uscedu-my.sharepoint.com/:u:/r/personal/zhipengl_usc_edu/Documents/CRIS/data/SHARC/SHARC-exo/HS-HeLa_DPI-25_T4-24h_exo-24h/HS-HeLa_DPI-25_T4-24h_exo-24h_prigap1_filtered.bam?csf=1&web=1&e=slOzXU,https://uscedu-my.sharepoint.com/:u:/r/personal/zhipengl_usc_edu/Documents/CRIS/data/SHARC/SHARC-exo/HS-HeLa_DPI-25_T4-24h_exo-24h/HS-HeLa_DPI-25_T4-24h_exo-24h_prigapm.bam?csf=1&web=1&e=CpMv1z,https://uscedu-my.sharepoint.com/:u:/r/personal/zhipengl_usc_edu/Documents/CRIS/data/SHARC/SHARC-exo/HS-HeLa_DPI-25_T4-24h_exo-24h/HS-HeLa_DPI-25_T4-24h_exo-24h_prigapm_filtered.bam?csf=1&web=1&e=FPDbf4,https://uscedu-my.sharepoint.com/:u:/r/personal/zhipengl_usc_edu/Documents/CRIS/data/SHARC/SHARC-exo/HS-HeLa_DPI-25_T4-24h_exo-24h/HS-HeLa_DPI-25_T4-24h_exo-24h_prihomo.bam?csf=1&web=1&e=3PEbZG,https://uscedu-my.sharepoint.com/:u:/r/personal/zhipengl_usc_edu/Documents/CRIS/data/SHARC/SHARC-exo/HS-HeLa_DPI-25_T4-24h_exo-24h/HS-HeLa_DPI-25_T4-24h_exo-24h_pritrans.bam?csf=1&web=1&e=2Un7jo,https://uscedu-my.sharepoint.com/:b:/r/personal/zhipengl_usc_edu/Documents/CRIS/data/SHARC/SHARC-exo/HS-HeLa_DPI-25_T4-24h_exo-24h/HS-HeLa_DPI-25_T4-24h_exo-24h_gaplen.pdf?csf=1&web=1&e=WVfliN,https://uscedu-my.sharepoint.com/:b:/r/personal/zhipengl_usc_edu/Documents/CRIS/data/SHARC/SHARC-exo/HS-HeLa_DPI-25_T4-24h_exo-24h/HS-HeLa_DPI-25_T4-24h_exo-24h_seglen.pdf?csf=1&web=1&e=ztF1hU,https://uscedu-my.sharepoint.com/:u:/r/personal/zhipengl_usc_edu/Documents/CRIS/data/SHARC/SHARC-exo/HeLa25mMpyr_exo24h_fastqc.html?csf=1&web=1&e=2rssCV
IV-1HR2_DPI-5_T4-24h_exo-0h,https://uscedu-my.sharepoint.com/:u:/r/personal/zhipengl_usc_edu/Documents/CRIS/data/SHARC/SHARC-in_vitro/IV-1HR2_DPI-5_T4-24h_exo-0h/IV-1HR2_DPI-5_T4-24h_exo-0h_pri_crssant.bam?csf=1&web=1&e=38XCJh,https://uscedu-my.sharepoint.com/:u:/r/personal/zhipengl_usc_edu/Documents/CRIS/data/SHARC/SHARC-in_vitro/IV-1HR2_DPI-5_T4-24h_exo-0h/IV-1HR2_DPI-5_T4-24h_exo-0h_prigap1.bam?csf=1&web=1&e=8uoRPP,https://uscedu-my.sharepoint.com/:u:/r/personal/zhipengl_usc_edu/Documents/CRIS/data/SHARC/SHARC-in_vitro/IV-1HR2_DPI-5_T4-24h_exo-0h/IV-1HR2_DPI-5_T4-24h_exo-0h_prigap1_filtered.bam?csf=1&web=1&e=WYyjYb,https://uscedu-my.sharepoint.com/:u:/r/personal/zhipengl_usc_edu/Documents/CRIS/data/SHARC/SHARC-in_vitro/IV-1HR2_DPI-5_T4-24h_exo-0h/IV-1HR2_DPI-5_T4-24h_exo-0h_prigapm.bam?csf=1&web=1&e=AP1AkJ,https://uscedu-my.sharepoint.com/:u:/r/personal/zhipengl_usc_edu/Documents/CRIS/data/SHARC/SHARC-in_vitro/IV-1HR2_DPI-5_T4-24h_exo-0h/IV-1HR2_DPI-5_T4-24h_exo-0h_prigapm_filtered.bam?csf=1&web=1&e=2vW5Wd,https://uscedu-my.sharepoint.com/:u:/r/personal/zhipengl_usc_edu/Documents/CRIS/data/SHARC/SHARC-in_vitro/IV-1HR2_DPI-5_T4-24h_exo-0h/IV-1HR2_DPI-5_T4-24h_exo-0h_prihomo.bam?csf=1&web=1&e=OhW7kd,https://uscedu-my.sharepoint.com/:u:/r/personal/zhipengl_usc_edu/Documents/CRIS/data/SHARC/SHARC-in_vitro/IV-1HR2_DPI-5_T4-24h_exo-0h/IV-1HR2_DPI-5_T4-24h_exo-0h_pritrans.bam?csf=1&web=1&e=twlnbv,https://uscedu-my.sharepoint.com/:b:/r/personal/zhipengl_usc_edu/Documents/CRIS/data/SHARC/SHARC-in_vitro/IV-1HR2_DPI-5_T4-24h_exo-0h/IV-1HR2_DPI-5_T4-24h_exo-0h_gaplen.pdf?csf=1&web=1&e=0cWuJD,https://uscedu-my.sharepoint.com/:b:/r/personal/zhipengl_usc_edu/Documents/CRIS/data/SHARC/SHARC-in_vitro/IV-1HR2_DPI-5_T4-24h_exo-0h/IV-1HR2_DPI-5_T4-24h_exo-0h_seglen.pdf?csf=1&web=1&e=lpezmb,https://uscedu-my.sharepoint.com/:u:/r/personal/zhipengl_usc_edu/Documents/CRIS/data/SHARC/SHARC-in_vitro/R705_fastqc.html?csf=1&web=1&e=unmida
IV-1HR2_DPI-5_T4-24h_exo-2h,https://uscedu-my.sharepoint.com/:u:/r/personal/zhipengl_usc_edu/Documents/CRIS/data/SHARC/SHARC-in_vitro/IV-1HR2_DPI-5_T4-24h_exo-2h/IV-1HR2_DPI-5_T4-24h_exo-2h_pri_crssant.bam?csf=1&web=1&e=NXEhjJ,https://uscedu-my.sharepoint.com/:u:/r/personal/zhipengl_usc_edu/Documents/CRIS/data/SHARC/SHARC-in_vitro/IV-1HR2_DPI-5_T4-24h_exo-2h/IV-1HR2_DPI-5_T4-24h_exo-2h_prigap1.bam?csf=1&web=1&e=mvJSjY,https://uscedu-my.sharepoint.com/:u:/r/personal/zhipengl_usc_edu/Documents/CRIS/data/SHARC/SHARC-in_vitro/IV-1HR2_DPI-5_T4-24h_exo-2h/IV-1HR2_DPI-5_T4-24h_exo-2h_prigap1_filtered.bam?csf=1&web=1&e=437ogi,https://uscedu-my.sharepoint.com/:u:/r/personal/zhipengl_usc_edu/Documents/CRIS/data/SHARC/SHARC-in_vitro/IV-1HR2_DPI-5_T4-24h_exo-2h/IV-1HR2_DPI-5_T4-24h_exo-2h_prigapm.bam?csf=1&web=1&e=vBuRTI,https://uscedu-my.sharepoint.com/:u:/r/personal/zhipengl_usc_edu/Documents/CRIS/data/SHARC/SHARC-in_vitro/IV-1HR2_DPI-5_T4-24h_exo-2h/IV-1HR2_DPI-5_T4-24h_exo-2h_prigapm_filtered.bam?csf=1&web=1&e=BVnUec,https://uscedu-my.sharepoint.com/:u:/r/personal/zhipengl_usc_edu/Documents/CRIS/data/SHARC/SHARC-in_vitro/IV-1HR2_DPI-5_T4-24h_exo-2h/IV-1HR2_DPI-5_T4-24h_exo-2h_prihomo.bam?csf=1&web=1&e=t89MEk,https://uscedu-my.sharepoint.com/:u:/r/personal/zhipengl_usc_edu/Documents/CRIS/data/SHARC/SHARC-in_vitro/IV-1HR2_DPI-5_T4-24h_exo-2h/IV-1HR2_DPI-5_T4-24h_exo-2h_pritrans.bam?csf=1&web=1&e=ji4T6G,https://uscedu-my.sharepoint.com/:b:/r/personal/zhipengl_usc_edu/Documents/CRIS/data/SHARC/SHARC-in_vitro/IV-1HR2_DPI-5_T4-24h_exo-2h/IV-1HR2_DPI-5_T4-24h_exo-2h_gaplen.pdf?csf=1&web=1&e=wwZgrz,https://uscedu-my.sharepoint.com/:b:/r/personal/zhipengl_usc_edu/Documents/CRIS/data/SHARC/SHARC-in_vitro/IV-1HR2_DPI-5_T4-24h_exo-2h/IV-1HR2_DPI-5_T4-24h_exo-2h_seglen.pdf?csf=1&web=1&e=H2YF9Y,https://uscedu-my.sharepoint.com/:u:/r/personal/zhipengl_usc_edu/Documents/CRIS/data/SHARC/SHARC-in_vitro/R706_fastqc.html?csf=1&web=1&e=KA7YZy
IV-4GMA_DPI-5_T4-24h_exo-0h,https://uscedu-my.sharepoint.com/:u:/r/personal/zhipengl_usc_edu/Documents/CRIS/data/SHARC/SHARC-in_vitro/IV-4GMA_DPI-5_T4-24h_exo-0h/IV-4GMA_DPI-5_T4-24h_exo-0h_pri_crssant.bam?csf=1&web=1&e=fxlaRT,https://uscedu-my.sharepoint.com/:u:/r/personal/zhipengl_usc_edu/Documents/CRIS/data/SHARC/SHARC-in_vitro/IV-4GMA_DPI-5_T4-24h_exo-0h/IV-4GMA_DPI-5_T4-24h_exo-0h_prigap1.bam?csf=1&web=1&e=p1QYGx,https://uscedu-my.sharepoint.com/:u:/r/personal/zhipengl_usc_edu/Documents/CRIS/data/SHARC/SHARC-in_vitro/IV-4GMA_DPI-5_T4-24h_exo-0h/IV-4GMA_DPI-5_T4-24h_exo-0h_prigap1_filtered.bam?csf=1&web=1&e=EFAPRy,https://uscedu-my.sharepoint.com/:u:/r/personal/zhipengl_usc_edu/Documents/CRIS/data/SHARC/SHARC-in_vitro/IV-4GMA_DPI-5_T4-24h_exo-0h/IV-4GMA_DPI-5_T4-24h_exo-0h_prigapm.bam?csf=1&web=1&e=jkbJiU,https://uscedu-my.sharepoint.com/:u:/r/personal/zhipengl_usc_edu/Documents/CRIS/data/SHARC/SHARC-in_vitro/IV-4GMA_DPI-5_T4-24h_exo-0h/IV-4GMA_DPI-5_T4-24h_exo-0h_prigapm_filtered.bam?csf=1&web=1&e=Fcjw44,https://uscedu-my.sharepoint.com/:u:/r/personal/zhipengl_usc_edu/Documents/CRIS/data/SHARC/SHARC-in_vitro/IV-4GMA_DPI-5_T4-24h_exo-0h/IV-4GMA_DPI-5_T4-24h_exo-0h_prihomo.bam?csf=1&web=1&e=D2szv3,https://uscedu-my.sharepoint.com/:u:/r/personal/zhipengl_usc_edu/Documents/CRIS/data/SHARC/SHARC-in_vitro/IV-4GMA_DPI-5_T4-24h_exo-0h/IV-4GMA_DPI-5_T4-24h_exo-0h_pritrans.bam?csf=1&web=1&e=JIhvcA,https://uscedu-my.sharepoint.com/:b:/r/personal/zhipengl_usc_edu/Documents/CRIS/data/SHARC/SHARC-in_vitro/IV-4GMA_DPI-5_T4-24h_exo-0h/IV-4GMA_DPI-5_T4-24h_exo-0h_gaplen.pdf?csf=1&web=1&e=JE32sb,https://uscedu-my.sharepoint.com/:b:/r/personal/zhipengl_usc_edu/Documents/CRIS/data/SHARC/SHARC-in_vitro/IV-4GMA_DPI-5_T4-24h_exo-0h/IV-4GMA_DPI-5_T4-24h_exo-0h_seglen.pdf?csf=1&web=1&e=yssihI,https://uscedu-my.sharepoint.com/:u:/r/personal/zhipengl_usc_edu/Documents/CRIS/data/SHARC/SHARC-in_vitro/R707_fastqc.html?csf=1&web=1&e=1N4gDf
IV-4GMA_DPI-5_T4-24h_exo-2h,https://uscedu-my.sharepoint.com/:u:/r/personal/zhipengl_usc_edu/Documents/CRIS/data/SHARC/SHARC-in_vitro/IV-4GMA_DPI-5_T4-24h_exo-2h/IV-4GMA_DPI-5_T4-24h_exo-2h_pri_crssant.bam?csf=1&web=1&e=F3Tuqu,https://uscedu-my.sharepoint.com/:u:/r/personal/zhipengl_usc_edu/Documents/CRIS/data/SHARC/SHARC-in_vitro/IV-4GMA_DPI-5_T4-24h_exo-2h/IV-4GMA_DPI-5_T4-24h_exo-2h_prigap1.bam?csf=1&web=1&e=GjwXxn,https://uscedu-my.sharepoint.com/:u:/r/personal/zhipengl_usc_edu/Documents/CRIS/data/SHARC/SHARC-in_vitro/IV-4GMA_DPI-5_T4-24h_exo-2h/IV-4GMA_DPI-5_T4-24h_exo-2h_prigap1_filtered.bam?csf=1&web=1&e=MZWvkq,https://uscedu-my.sharepoint.com/:u:/r/personal/zhipengl_usc_edu/Documents/CRIS/data/SHARC/SHARC-in_vitro/IV-4GMA_DPI-5_T4-24h_exo-2h/IV-4GMA_DPI-5_T4-24h_exo-2h_prigapm.bam?csf=1&web=1&e=ZeH6Ih,https://uscedu-my.sharepoint.com/:u:/r/personal/zhipengl_usc_edu/Documents/CRIS/data/SHARC/SHARC-in_vitro/IV-4GMA_DPI-5_T4-24h_exo-2h/IV-4GMA_DPI-5_T4-24h_exo-2h_prigapm_filtered.bam?csf=1&web=1&e=cdltTh,https://uscedu-my.sharepoint.com/:u:/r/personal/zhipengl_usc_edu/Documents/CRIS/data/SHARC/SHARC-in_vitro/IV-4GMA_DPI-5_T4-24h_exo-2h/IV-4GMA_DPI-5_T4-24h_exo-2h_prihomo.bam?csf=1&web=1&e=kgG6nD,https://uscedu-my.sharepoint.com/:u:/r/personal/zhipengl_usc_edu/Documents/CRIS/data/SHARC/SHARC-in_vitro/IV-4GMA_DPI-5_T4-24h_exo-2h/IV-4GMA_DPI-5_T4-24h_exo-2h_pritrans.bam?csf=1&web=1&e=Wd77q1,https://uscedu-my.sharepoint.com/:b:/r/personal/zhipengl_usc_edu/Documents/CRIS/data/SHARC/SHARC-in_vitro/IV-4GMA_DPI-5_T4-24h_exo-2h/IV-4GMA_DPI-5_T4-24h_exo-2h_gaplen.pdf?csf=1&web=1&e=FRVlzw,https://uscedu-my.sharepoint.com/:b:/r/personal/zhipengl_usc_edu/Documents/CRIS/data/SHARC/SHARC-in_vitro/IV-4GMA_DPI-5_T4-24h_exo-2h/IV-4GMA_DPI-5_T4-24h_exo-2h_seglen.pdf?csf=1&web=1&e=Rmka4p,https://uscedu-my.sharepoint.com/:u:/r/personal/zhipengl_usc_edu/Documents/CRIS/data/SHARC/SHARC-in_vitro/R708_fastqc.html?csf=1&web=1&e=byemfF